--
-- PostgreSQL database dump
--

-- Dumped from database version 17.4
-- Dumped by pg_dump version 17.4

SET statement_timeout = 0;
SET lock_timeout = 0;
SET idle_in_transaction_session_timeout = 0;
SET transaction_timeout = 0;
SET client_encoding = 'UTF8';
SET standard_conforming_strings = on;
SELECT pg_catalog.set_config('search_path', '', false);
SET check_function_bodies = false;
SET xmloption = content;
SET client_min_messages = warning;
SET row_security = off;

SET default_tablespace = '';

SET default_table_access_method = heap;

--
-- Name: clase; Type: TABLE; Schema: public; Owner: postgres
--

CREATE TABLE public.clase (
    nrc integer NOT NULL,
    horainicio time without time zone NOT NULL,
    horafinal time without time zone NOT NULL,
    aula character varying,
    dia character varying NOT NULL,
    id integer NOT NULL
);


ALTER TABLE public.clase OWNER TO postgres;

--
-- Name: clase_id_seq; Type: SEQUENCE; Schema: public; Owner: postgres
--

CREATE SEQUENCE public.clase_id_seq
    AS integer
    START WITH 1
    INCREMENT BY 1
    NO MINVALUE
    NO MAXVALUE
    CACHE 1;


ALTER SEQUENCE public.clase_id_seq OWNER TO postgres;

--
-- Name: clase_id_seq; Type: SEQUENCE OWNED BY; Schema: public; Owner: postgres
--

ALTER SEQUENCE public.clase_id_seq OWNED BY public.clase.id;


--
-- Name: curso; Type: TABLE; Schema: public; Owner: postgres
--

CREATE TABLE public.curso (
    nrc integer NOT NULL,
    tipo character varying NOT NULL,
    codigomateria character varying NOT NULL,
    profesorid character varying,
    nrcteorico integer,
    groupid integer
);


ALTER TABLE public.curso OWNER TO postgres;

--
-- Name: materia; Type: TABLE; Schema: public; Owner: postgres
--

CREATE TABLE public.materia (
    codigomateria character varying NOT NULL,
    creditos integer NOT NULL,
    nombre character varying NOT NULL
);


ALTER TABLE public.materia OWNER TO postgres;

--
-- Name: profesor; Type: TABLE; Schema: public; Owner: postgres
--

CREATE TABLE public.profesor (
    bannerid character varying NOT NULL,
    nombre character varying NOT NULL
);


ALTER TABLE public.profesor OWNER TO postgres;

--
-- Name: clase id; Type: DEFAULT; Schema: public; Owner: postgres
--

ALTER TABLE ONLY public.clase ALTER COLUMN id SET DEFAULT nextval('public.clase_id_seq'::regclass);


--
-- Data for Name: clase; Type: TABLE DATA; Schema: public; Owner: postgres
--

COPY public.clase (nrc, horainicio, horafinal, aula, dia, id) FROM stdin;
1038	07:00:00	08:50:00	A2-501	Miércoles	15525
1038	07:00:00	07:50:00	A2-501	Viernes	15526
1053	09:00:00	09:50:00	A2-501	Miércoles	15527
1053	09:00:00	10:50:00	A2-402	Viernes	15528
1527	17:00:00	17:50:00	A4-201	Miércoles	15529
1528	09:00:00	10:50:00	A2-203	Martes	15530
1528	09:00:00	09:50:00	A2-203	Jueves	15531
1529	07:00:00	07:50:00	A5-203	Lunes	15532
1529	10:00:00	11:50:00	A2-408	Martes	15533
1542	14:00:00	14:50:00	A2-403	Lunes	15534
1543	07:00:00	07:50:00	A1-304	Jueves	15535
1543	15:00:00	16:50:00	A2-306	Lunes	15536
1545	13:00:00	13:50:00	A4-102	Lunes	15537
1545	13:00:00	14:50:00	A2-306	Miércoles	15538
1553	17:00:00	18:50:00	A1-305	Lunes	15539
1707	18:00:00	18:50:00	A2-503	Miércoles	15540
1709	17:00:00	18:50:00	A2-207	Martes	15541
1537	14:00:00	15:50:00	A1-407	Martes	15542
1537	14:00:00	14:50:00	A2-507	Viernes	15543
1131	07:00:00	08:50:00	A2-207	Lunes	15544
1131	08:00:00	08:50:00	A4-204	Miércoles	15545
1510	18:00:00	19:50:00	A4-101	Jueves	15546
1510	19:00:00	19:50:00	A4-102	Martes	15547
1517	08:00:00	09:50:00	A4-202	Viernes	15548
1517	15:00:00	15:50:00	A4-202	Lunes	15549
2722	08:00:00	12:50:00	\N	Lunes	15550
2722	08:00:00	12:50:00	\N	Martes	15551
2722	08:00:00	12:50:00	\N	Miércoles	15552
2722	08:00:00	12:50:00	\N	Jueves	15553
2722	08:00:00	12:50:00	\N	Viernes	15554
2722	14:00:00	16:50:00	\N	Lunes	15555
2722	14:00:00	16:50:00	\N	Martes	15556
2722	14:00:00	16:50:00	\N	Miércoles	15557
2722	14:00:00	16:50:00	\N	Jueves	15558
2722	14:00:00	16:50:00	\N	Viernes	15559
1535	17:00:00	18:50:00	A1-308	Miércoles	15560
1535	18:00:00	18:50:00	A3-204	Jueves	15561
1548	17:00:00	18:50:00	A4-202	Martes	15562
1548	19:00:00	19:50:00	A1-308	Miércoles	15563
1812	13:00:00	16:50:00	A1-303	Lunes	15564
1812	13:00:00	16:50:00	A1-303	Miércoles	15565
1839	13:00:00	16:50:00	PS-401	Lunes	15566
1839	13:00:00	16:50:00	PS-401	Miércoles	15567
2160	08:00:00	11:50:00	PS-401	Lunes	15568
2160	13:00:00	16:50:00	A1-302	Viernes	15569
2445	08:00:00	11:50:00	MB-205	Lunes	15570
2445	08:00:00	11:50:00	MB-306	Miércoles	15571
2444	13:00:00	16:50:00	MB-302	Lunes	15572
2444	13:00:00	16:50:00	PS-301	Miércoles	15573
2460	14:00:00	17:50:00	MB-304	Lunes	15574
2460	14:00:00	17:50:00	MB-301	Miércoles	15575
2470	12:00:00	15:50:00	A1-303	Viernes	15576
2470	13:00:00	16:50:00	A1-303	Martes	15577
2469	13:00:00	16:50:00	MB-305	Lunes	15578
2469	13:00:00	16:50:00	MB-305	Miércoles	15579
1431	09:00:00	12:50:00	PS-403	Miércoles	15580
1431	13:00:00	16:50:00	MB-402	Lunes	15581
1683	07:00:00	08:50:00	A1-303	Sábado	15582
1803	09:00:00	10:50:00	A1-303	Sábado	15583
1833	10:00:00	11:50:00	MB-202	Miércoles	15584
1849	14:00:00	15:50:00	A1-300	Viernes	15585
1847	08:00:00	09:50:00	A1-300	Viernes	15586
1954	14:00:00	15:50:00	A1-300	Jueves	15587
2448	12:00:00	13:50:00	A1-300	Martes	15588
2457	08:00:00	09:50:00	A1-300	Martes	15589
2459	12:00:00	13:50:00	A1-300	Viernes	15590
2526	16:00:00	17:50:00	A1-300	Viernes	15591
2526	17:00:00	17:50:00	A1-300	Martes	15592
1941	14:00:00	15:50:00	A2-504	Viernes	15593
1827	11:00:00	12:50:00	A1-305	Sábado	15594
1838	10:00:00	11:50:00	A2-304	Martes	15595
1957	13:00:00	14:50:00	MB-204	Lunes	15596
1955	15:00:00	16:50:00	MB-306	Lunes	15597
2449	14:00:00	15:50:00	A4-204	Viernes	15598
2456	13:00:00	14:50:00	A2-203	Martes	15599
2455	14:00:00	15:50:00	A2-503	Jueves	15600
2467	10:00:00	11:50:00	A2-502	Jueves	15601
1439	14:00:00	15:50:00	A2-304	Martes	15602
1942	12:00:00	13:50:00	A3-103	Martes	15603
1828	12:00:00	13:50:00	A2-406	Jueves	15604
1945	10:00:00	11:50:00	A2-405	Jueves	15605
2441	12:00:00	13:50:00	A2-504	Viernes	15606
2441	17:00:00	17:50:00	A2-402	Martes	15607
2453	11:00:00	12:50:00	A2-303	Viernes	15608
2453	12:00:00	12:50:00	A2-408	Martes	15609
2464	13:00:00	13:50:00	A1-305	Jueves	15610
2464	14:00:00	15:50:00	A2-502	Martes	15611
1915	17:00:00	18:50:00	A5-203	Jueves	15612
1429	17:00:00	18:50:00	MB-301	Lunes	15613
1429	17:00:00	17:50:00	MB-202	Miércoles	15614
2528	10:00:00	11:50:00	MB-302	Lunes	15615
2528	13:00:00	13:50:00	A1-403	Jueves	15616
1835	17:00:00	18:50:00	MB-306	Lunes	15617
2442	13:00:00	14:50:00	MB-203	Miércoles	15618
2447	17:00:00	18:50:00	MB-302	Miércoles	15619
2452	10:00:00	11:50:00	MB-206	Lunes	15620
2450	10:00:00	11:50:00	MB-205	Miércoles	15621
1776	17:00:00	18:50:00	MB-305	Miércoles	15622
2468	12:00:00	12:50:00	MB-305	Miércoles	15623
2468	17:00:00	18:50:00	MB-305	Lunes	15624
1427	07:00:00	08:50:00	MB-302	Miércoles	15625
2576	10:00:00	11:50:00	A1-304	Sábado	15626
2576	17:00:00	17:50:00	A3-104	Jueves	15627
1448	15:00:00	16:50:00	A3-201	Jueves	15628
2708	08:00:00	08:50:00	A2-504	Lunes	15629
2708	09:00:00	10:50:00	A3-201	Jueves	15630
2547	09:00:00	10:50:00	A2-304	Jueves	15631
2547	11:00:00	11:50:00	A2-203	Martes	15632
1722	13:00:00	14:50:00	A2-205	Miércoles	15633
1722	13:00:00	13:50:00	A2-404	Jueves	15634
1729	07:00:00	07:50:00	A1-304	Viernes	15635
1729	08:00:00	09:50:00	A1-304	Miércoles	15636
1738	13:00:00	13:50:00	A2-305	Martes	15637
1738	13:00:00	14:50:00	A2-408	Jueves	15638
1746	07:00:00	07:50:00	A1-307	Martes	15639
1746	10:00:00	11:50:00	A2-305	Lunes	15640
1493	08:00:00	08:50:00	A3-102	Lunes	15641
1493	08:00:00	09:50:00	A2-402	Martes	15642
1743	17:00:00	18:50:00	A2-507	Jueves	15643
1743	18:00:00	18:50:00	A4-203	Martes	15644
1688	07:00:00	08:50:00	A1-407	Jueves	15645
1688	09:00:00	09:50:00	A1-403	Martes	15646
1737	08:00:00	09:50:00	A1-403	Sábado	15647
1737	12:00:00	12:50:00	A1-402	Martes	15648
1733	13:00:00	14:50:00	A2-305	Lunes	15649
1733	16:00:00	16:50:00	A2-401	Jueves	15650
1506	08:00:00	12:50:00	\N	Lunes	15651
1506	08:00:00	12:50:00	\N	Martes	15652
1506	08:00:00	12:50:00	\N	Miércoles	15653
1506	08:00:00	12:50:00	\N	Jueves	15654
1506	08:00:00	12:50:00	\N	Viernes	15655
1506	14:00:00	16:50:00	\N	Lunes	15656
1506	14:00:00	16:50:00	\N	Martes	15657
1506	14:00:00	16:50:00	\N	Miércoles	15658
1506	14:00:00	16:50:00	\N	Jueves	15659
1506	14:00:00	16:50:00	\N	Viernes	15660
1720	10:00:00	11:50:00	A2-502	Miércoles	15661
1720	11:00:00	11:50:00	A2-408	Jueves	15662
1726	09:00:00	10:50:00	A2-404	Martes	15663
1741	16:00:00	16:50:00	A3-104	Lunes	15664
1741	17:00:00	18:50:00	A2-503	Jueves	15665
1716	16:00:00	16:50:00	A2-503	Jueves	15666
1716	17:00:00	18:50:00	A1-304	Martes	15667
2562	07:00:00	07:50:00	A2-406	Jueves	15668
2562	14:00:00	15:50:00	A2-404	Martes	15669
1730	07:00:00	08:50:00	A1-306	Lunes	15670
1730	07:00:00	07:50:00	A2-408	Miércoles	15671
1767	10:00:00	10:50:00	A1-403	Martes	15672
1767	10:00:00	11:50:00	A1-404	Jueves	15673
1717	08:00:00	09:50:00	A1-304	Viernes	15674
1717	15:00:00	16:50:00	A1-304	Martes	15675
1739	10:00:00	11:50:00	A2-207	Sábado	15676
1739	12:00:00	12:50:00	A2-403	Jueves	15677
2396	10:00:00	11:50:00	A4-202	Martes	15678
1278	13:00:00	13:50:00	A2-206	Lunes	15679
1278	13:00:00	14:50:00	A2-304	Jueves	15680
1279	10:00:00	11:50:00	A5-104	Viernes	15681
1316	17:00:00	17:50:00	A1-405	Jueves	15682
1316	17:00:00	18:50:00	A4-203	Viernes	15683
1316	18:00:00	18:50:00	A4-202	Miércoles	15684
1588	13:00:00	13:50:00	A3-201	Lunes	15685
1588	13:00:00	14:50:00	A2-506	Miércoles	15686
1588	16:00:00	16:50:00	A2-203	Viernes	15687
1854	12:00:00	12:50:00	A2-505	Lunes	15688
1854	14:00:00	14:50:00	A3-201	Jueves	15689
1854	17:00:00	18:50:00	A2-303	Miércoles	15690
2043	07:00:00	08:50:00	A2-401	Lunes	15691
2043	07:00:00	07:50:00	A2-406	Viernes	15692
2043	09:00:00	09:50:00	A3-201	Martes	15693
2199	13:00:00	13:50:00	A1-404	Martes	15694
2199	13:00:00	13:50:00	A2-203	Jueves	15695
2199	16:00:00	17:50:00	A2-505	Lunes	15696
1208	14:00:00	14:50:00	A3-204	Viernes	15697
1208	15:00:00	15:50:00	A3-201	Miércoles	15698
1208	17:00:00	18:50:00	A2-306	Lunes	15699
1616	12:00:00	12:50:00	A1-404	Martes	15700
1616	12:00:00	13:50:00	A2-504	Miércoles	15701
1616	16:00:00	16:50:00	A2-308	Viernes	15702
1359	13:00:00	14:50:00	A2-502	Jueves	15703
1359	15:00:00	15:50:00	A2-207	Lunes	15704
1359	17:00:00	17:50:00	A1-403	Viernes	15705
1634	07:00:00	07:50:00	A2-301	Jueves	15706
1634	10:00:00	10:50:00	A3-201	Martes	15707
1634	13:00:00	14:50:00	A2-503	Lunes	15708
2273	13:00:00	13:50:00	A4-204	Viernes	15709
2273	15:00:00	15:50:00	A1-407	Miércoles	15710
2273	17:00:00	18:50:00	A3-202	Jueves	15711
1086	13:00:00	14:50:00	A2-206	Martes	15712
1086	14:00:00	14:50:00	A3-201	Viernes	15713
1086	15:00:00	15:50:00	A3-201	Viernes	15714
1137	07:00:00	08:50:00	A2-507	Jueves	15715
1137	09:00:00	09:50:00	A2-401	Lunes	15716
1137	09:00:00	09:50:00	A1-402	Viernes	15717
1615	12:00:00	12:50:00	A1-404	Martes	15718
1615	12:00:00	13:50:00	A2-504	Miércoles	15719
1615	16:00:00	16:50:00	A2-308	Viernes	15720
1610	07:00:00	07:50:00	A1-402	Jueves	15721
1610	10:00:00	10:50:00	A4-203	Miércoles	15722
1610	10:00:00	11:50:00	A2-401	Viernes	15723
1358	13:00:00	14:50:00	A2-502	Jueves	15724
1358	15:00:00	15:50:00	A2-207	Lunes	15725
1358	17:00:00	17:50:00	A1-403	Viernes	15726
1617	13:00:00	14:50:00	A2-203	Viernes	15727
1617	16:00:00	16:50:00	A3-204	Martes	15728
1617	16:00:00	16:50:00	A3-201	Miércoles	15729
1622	07:00:00	08:50:00	A2-507	Miércoles	15730
1622	09:00:00	09:50:00	A4-201	Lunes	15731
1622	11:00:00	11:50:00	A3-201	Viernes	15732
1630	08:00:00	09:50:00	A2-207	Sábado	15733
1630	15:00:00	15:50:00	A3-201	Martes	15734
1630	15:00:00	15:50:00	A3-204	Viernes	15735
1633	07:00:00	07:50:00	A2-301	Jueves	15736
1633	10:00:00	10:50:00	A3-201	Martes	15737
1633	13:00:00	14:50:00	A2-503	Lunes	15738
1635	08:00:00	09:50:00	A4-202	Jueves	15739
1635	09:00:00	09:50:00	A3-102	Lunes	15740
1635	10:00:00	10:50:00	A1-404	Viernes	15741
1399	13:00:00	14:50:00	A4-101	Miércoles	15742
1399	13:00:00	14:50:00	A4-203	Jueves	15743
1400	10:00:00	11:50:00	A5-101	Lunes	15744
2633	10:00:00	11:50:00	A5-101	Lunes	15745
1441	10:00:00	11:50:00	A2-203	Lunes	15746
1441	17:00:00	18:50:00	A2-203	Miércoles	15747
2637	10:00:00	11:50:00	A5-101	Jueves	15748
1919	09:00:00	10:50:00	A4-204	Lunes	15749
1919	10:00:00	11:50:00	A4-101	Martes	15750
1920	10:00:00	11:50:00	A5-101	Miércoles	15751
1265	13:00:00	14:50:00	A2-303	Martes	15752
1265	13:00:00	14:50:00	A2-303	Jueves	15753
1266	08:00:00	09:50:00	A5-102	Lunes	15754
2646	08:00:00	09:50:00	A5-102	Lunes	15755
1007	07:00:00	08:50:00	A2-402	Jueves	15756
1007	13:00:00	14:50:00	A1-308	Viernes	15757
1008	15:00:00	16:50:00	A5-204	Miércoles	15758
2653	15:00:00	16:50:00	A5-204	Miércoles	15759
2017	15:00:00	16:50:00	A2-506	Miércoles	15760
2017	15:00:00	16:50:00	A2-506	Jueves	15761
2038	17:00:00	18:50:00	A4-204	Lunes	15762
2038	18:00:00	19:50:00	A2-501	Miércoles	15763
2039	13:00:00	14:50:00	A2-502	Lunes	15764
2039	13:00:00	14:50:00	A2-502	Viernes	15765
2022	13:00:00	14:50:00	A2-302	Martes	15766
2022	13:00:00	14:50:00	A4-101	Jueves	15767
1772	10:00:00	11:50:00	A2-301	Lunes	15768
1772	10:00:00	11:50:00	A2-407	Miércoles	15769
1786	15:00:00	16:50:00	A2-501	Martes	15770
1786	15:00:00	16:50:00	A2-501	Viernes	15771
1805	10:00:00	11:50:00	A2-504	Miércoles	15772
1805	10:00:00	11:50:00	A2-506	Jueves	15773
1830	07:00:00	08:50:00	A2-408	Lunes	15774
1830	07:00:00	08:50:00	A2-408	Viernes	15775
1151	10:00:00	11:50:00	A4-103	Martes	15776
1152	10:00:00	11:50:00	A2-207	Jueves	15777
1154	09:00:00	10:50:00	A2-303	Viernes	15778
1174	15:00:00	16:50:00	\N	Martes	15779
1175	14:00:00	15:50:00	A2-403	Jueves	15780
1177	07:00:00	08:50:00	A2-408	Jueves	15781
1178	10:00:00	11:50:00	A2-301	Jueves	15782
1179	07:00:00	08:50:00	A2-303	Viernes	15783
1321	08:00:00	09:50:00	\N	Martes	15784
1322	16:00:00	17:50:00	A2-303	Viernes	15785
1325	15:00:00	16:50:00	A4-101	Miércoles	15786
1327	07:00:00	08:50:00	A2-307	Sábado	15787
1237	08:00:00	09:50:00	A2-302	Viernes	15788
1237	09:00:00	09:50:00	A1-305	Lunes	15789
1366	16:00:00	16:50:00	A2-302	Lunes	15790
1366	17:00:00	18:50:00	A4-101	Miércoles	15791
2064	09:00:00	09:50:00	A2-504	Lunes	15792
2064	09:00:00	10:50:00	A5-203	Viernes	15793
2072	14:00:00	14:50:00	A1-308	Lunes	15794
2072	14:00:00	15:50:00	A2-203	Jueves	15795
1554	13:00:00	14:50:00	\N	Martes	15796
1559	13:00:00	14:50:00	A2-301	Jueves	15797
1562	15:00:00	16:50:00	\N	Martes	15798
1565	07:00:00	08:50:00	A2-505	Miércoles	15799
1566	09:00:00	10:50:00	A2-206	Miércoles	15800
1568	10:00:00	11:50:00	A3-202	Viernes	15801
1580	09:00:00	10:50:00	\N	Martes	15802
1583	15:00:00	16:50:00	A2-401	Viernes	15803
2683	14:00:00	15:50:00	A1-304	Miércoles	15804
2684	09:00:00	10:50:00	A2-301	Sábado	15805
1674	15:00:00	16:50:00	A4-103	Martes	15806
1675	07:00:00	08:50:00	A2-306	Jueves	15807
1676	15:00:00	16:50:00	A1-305	Jueves	15808
2392	08:00:00	09:50:00	A2-302	Jueves	15809
2389	08:00:00	09:50:00	A2-407	Martes	15810
2390	10:00:00	11:50:00	A2-307	Miércoles	15811
1619	07:00:00	08:50:00	A2-503	Lunes	15812
1619	07:00:00	07:50:00	A2-302	Jueves	15813
2629	10:00:00	11:50:00	A5-103	Miércoles	15814
1697	07:00:00	07:50:00	A2-504	Lunes	15815
1697	07:00:00	08:50:00	A2-502	Jueves	15816
2619	15:00:00	16:50:00	A5-103	Miércoles	15817
1718	13:00:00	13:50:00	A2-402	Miércoles	15818
1718	13:00:00	14:50:00	A2-402	Jueves	15819
2622	15:00:00	16:50:00	A5-103	Martes	15820
1769	07:00:00	08:50:00	A5-103	Viernes	15821
1768	09:00:00	10:50:00	A2-503	Lunes	15822
1768	09:00:00	09:50:00	A2-501	Martes	15823
2491	09:00:00	10:50:00	A3-204	Jueves	15824
2491	11:00:00	11:50:00	A2-404	Martes	15825
2492	08:00:00	09:50:00	A5-103	Lunes	15826
1873	11:00:00	12:50:00	A2-406	Lunes	15827
1873	11:00:00	11:50:00	A4-204	Martes	15828
1573	09:00:00	09:50:00	A2-502	Lunes	15829
1573	14:00:00	15:50:00	A2-308	Viernes	15830
1190	13:00:00	14:50:00	A2-308	Martes	15831
1218	13:00:00	13:50:00	A2-206	Jueves	15832
1218	15:00:00	16:50:00	A1-308	Miércoles	15833
2065	13:00:00	14:50:00	A2-405	Martes	15834
1514	07:00:00	08:50:00	A3-102	Jueves	15835
1514	13:00:00	13:50:00	A2-503	Miércoles	15836
2560	08:00:00	08:50:00	A1-106	Lunes	15837
2560	14:00:00	15:50:00	A1-106	Viernes	15838
2161	16:00:00	17:50:00	A1-108	Jueves	15839
2161	17:00:00	17:50:00	A1-108	Martes	15840
1751	14:00:00	15:50:00	A3-104	Miércoles	15841
1419	10:00:00	11:50:00	A5-203	Jueves	15842
1419	15:00:00	15:50:00	A2-505	Lunes	15843
2298	11:00:00	12:50:00	A2-303	Lunes	15844
2298	13:00:00	13:50:00	A2-303	Viernes	15845
2666	11:00:00	11:50:00	A2-402	Miércoles	15846
2666	12:00:00	13:50:00	A2-401	Lunes	15847
2302	08:00:00	09:50:00	A1-305	Viernes	15848
2302	13:00:00	13:50:00	A4-202	Miércoles	15849
2306	11:00:00	12:50:00	A5-203	Viernes	15850
2310	09:00:00	09:50:00	A1-106	Jueves	15851
2310	13:00:00	14:50:00	A1-106	Martes	15852
2549	14:00:00	14:50:00	A1-106	Jueves	15853
2549	15:00:00	16:50:00	A1-106	Martes	15854
1874	17:00:00	17:50:00	A1-306	Lunes	15855
1874	17:00:00	18:50:00	A1-304	Miércoles	15856
1749	13:00:00	13:50:00	A3-102	Jueves	15857
1749	14:00:00	15:50:00	A2-403	Martes	15858
1037	07:00:00	08:50:00	A2-306	Miércoles	15859
1037	07:00:00	07:50:00	A2-401	Viernes	15860
1875	08:00:00	09:50:00	A2-308	Viernes	15861
1875	14:00:00	14:50:00	A1-106	Lunes	15862
2561	15:00:00	16:50:00	A1-106	Jueves	15863
2561	16:00:00	16:50:00	A1-106	Viernes	15864
2070	11:00:00	11:50:00	A2-305	Miércoles	15865
2070	13:00:00	14:50:00	A2-204	Viernes	15866
2068	13:00:00	14:50:00	A1-108	Miércoles	15867
1286	13:00:00	14:50:00	A4-102	Jueves	15868
1286	16:00:00	16:50:00	A2-301	Martes	15869
1695	07:00:00	08:50:00	A1-108	Lunes	15870
1230	09:00:00	10:50:00	A2-402	Lunes	15871
1230	09:00:00	09:50:00	A2-404	Jueves	15872
2296	08:00:00	09:50:00	A1-304	Jueves	15873
2296	09:00:00	09:50:00	A4-102	Martes	15874
2311	08:00:00	12:50:00	\N	Lunes	15875
2311	08:00:00	12:50:00	\N	Martes	15876
2311	08:00:00	12:50:00	\N	Miércoles	15877
2311	08:00:00	12:50:00	\N	Jueves	15878
2311	08:00:00	12:50:00	\N	Viernes	15879
2311	14:00:00	16:50:00	\N	Lunes	15880
2311	14:00:00	16:50:00	\N	Martes	15881
2311	14:00:00	16:50:00	\N	Miércoles	15882
2311	14:00:00	16:50:00	\N	Jueves	15883
2311	14:00:00	16:50:00	\N	Viernes	15884
2053	08:00:00	09:50:00	A1-104	Jueves	15885
2053	10:00:00	10:50:00	A1-104	Martes	15886
1191	10:00:00	10:50:00	A1-108	Miércoles	15887
1191	13:00:00	14:50:00	A1-108	Jueves	15888
1672	09:00:00	10:50:00	A1-106	Viernes	15889
1672	14:00:00	14:50:00	A1-106	Miércoles	15890
1457	10:00:00	11:50:00	A1-106	Jueves	15891
1457	11:00:00	11:50:00	A1-106	Viernes	15892
1445	08:00:00	09:50:00	A1-106	Martes	15893
1445	10:00:00	11:50:00	A1-106	Miércoles	15894
2327	12:00:00	12:50:00	A2-203	Lunes	15895
2327	18:00:00	19:50:00	A4-201	Jueves	15896
2338	17:00:00	17:50:00	A2-408	Lunes	15897
2338	18:00:00	19:50:00	A2-406	Martes	15898
1157	08:00:00	09:50:00	A2-302	Lunes	15899
1157	09:00:00	09:50:00	A2-403	Martes	15900
2055	16:00:00	17:50:00	A2-406	Martes	15901
2055	17:00:00	17:50:00	A2-406	Miércoles	15902
2056	14:00:00	14:50:00	A2-302	Miércoles	15903
2056	15:00:00	16:50:00	A1-305	Lunes	15904
2559	07:00:00	07:50:00	A2-203	Lunes	15905
2559	11:00:00	12:50:00	A2-301	Miércoles	15906
2318	18:00:00	19:50:00	A2-504	Lunes	15907
2318	18:00:00	19:50:00	A2-403	Miércoles	15908
2319	16:00:00	17:50:00	A1-405	Lunes	15909
2319	18:00:00	19:50:00	A1-404	Viernes	15910
2320	18:00:00	19:50:00	A4-204	Martes	15911
2320	18:00:00	19:50:00	A2-404	Jueves	15912
2325	12:00:00	12:50:00	A2-301	Viernes	15913
2325	17:00:00	18:50:00	A2-203	Lunes	15914
2328	13:00:00	14:50:00	A2-205	Martes	15915
2328	14:00:00	14:50:00	A2-205	Viernes	15916
2339	17:00:00	18:50:00	A1-402	Martes	15917
2339	18:00:00	18:50:00	A1-405	Jueves	15918
1226	18:00:00	19:50:00	A4-204	Miércoles	15919
1226	18:00:00	18:50:00	A2-506	Jueves	15920
1643	08:00:00	12:50:00	\N	Lunes	15921
1643	08:00:00	12:50:00	\N	Martes	15922
1643	08:00:00	12:50:00	\N	Miércoles	15923
1643	08:00:00	12:50:00	\N	Jueves	15924
1643	08:00:00	12:50:00	\N	Viernes	15925
1643	14:00:00	16:50:00	\N	Lunes	15926
1643	14:00:00	16:50:00	\N	Martes	15927
1643	14:00:00	16:50:00	\N	Miércoles	15928
1643	14:00:00	16:50:00	\N	Jueves	15929
1643	14:00:00	16:50:00	\N	Viernes	15930
2330	10:00:00	11:50:00	A2-403	Martes	15931
2330	11:00:00	11:50:00	A2-403	Lunes	15932
2337	17:00:00	17:50:00	A2-404	Jueves	15933
2337	18:00:00	19:50:00	A2-408	Lunes	15934
2315	17:00:00	17:50:00	A4-101	Jueves	15935
2315	18:00:00	19:50:00	A2-206	Martes	15936
2316	17:00:00	17:50:00	A2-403	Miércoles	15937
2316	18:00:00	19:50:00	A2-406	Viernes	15938
1089	08:00:00	09:50:00	PS-305	Miércoles	15939
1467	11:00:00	12:50:00	MB-306	Jueves	15940
1460	08:00:00	09:50:00	MB-205	Jueves	15941
1460	10:00:00	10:50:00	PS-401	Miércoles	15942
1468	08:00:00	09:50:00	MB-203	Miércoles	15943
1468	10:00:00	10:50:00	MB-204	Lunes	15944
1168	13:00:00	13:50:00	A2-404	Viernes	15945
1168	15:00:00	16:50:00	A2-506	Martes	15946
1145	09:00:00	09:50:00	MB-306	Jueves	15947
1145	13:00:00	14:50:00	PS-305	Miércoles	15948
1252	14:00:00	14:50:00	MB-306	Miércoles	15949
1252	14:00:00	15:50:00	MB-204	Jueves	15950
1216	08:00:00	08:50:00	A4-203	Viernes	15951
1216	15:00:00	16:50:00	MB-306	Miércoles	15952
1223	10:00:00	11:50:00	MB-301	Miércoles	15953
1235	11:00:00	12:50:00	MB-402	Lunes	15954
1235	11:00:00	11:50:00	MB-204	Jueves	15955
1658	08:00:00	09:50:00	MB-204	Miércoles	15956
1658	08:00:00	08:50:00	MB-204	Jueves	15957
1346	10:00:00	11:50:00	MB-302	Miércoles	15958
1346	11:00:00	11:50:00	MB-204	Lunes	15959
2193	07:00:00	08:50:00	A3-203	Martes	15960
1474	09:00:00	10:50:00	MB-204	Jueves	15961
1474	10:00:00	10:50:00	MB-402	Lunes	15962
1475	13:00:00	13:50:00	PS-305	Lunes	15963
1475	14:00:00	15:50:00	PS-305	Jueves	15964
1260	08:00:00	09:50:00	MB-302	Lunes	15965
2196	11:00:00	11:50:00	MB-203	Jueves	15966
2196	14:00:00	15:50:00	MB-402	Miércoles	15967
1489	08:00:00	09:50:00	MB-402	Lunes	15968
2194	09:00:00	09:50:00	MB-203	Jueves	15969
2194	10:00:00	11:50:00	MB-203	Miércoles	15970
2197	11:00:00	12:50:00	MB-202	Lunes	15971
1219	13:00:00	13:50:00	PS-301	Jueves	15972
1219	14:00:00	15:50:00	MB-203	Lunes	15973
1355	08:00:00	09:50:00	PS-301	Miércoles	15974
1355	10:00:00	10:50:00	MB-402	Jueves	15975
2206	08:00:00	09:50:00	MB-202	Jueves	15976
2206	13:00:00	13:50:00	MB-402	Miércoles	15977
2208	08:00:00	09:50:00	MB-206	Miércoles	15978
2207	08:00:00	09:50:00	MB-301	Lunes	15979
2210	10:00:00	11:50:00	MB-202	Jueves	15980
2203	10:00:00	11:50:00	PS-305	Miércoles	15981
2202	12:00:00	12:50:00	MB-202	Jueves	15982
2202	15:00:00	16:50:00	MB-202	Miércoles	15983
2212	08:00:00	09:50:00	MB-202	Miércoles	15984
2212	13:00:00	13:50:00	MB-301	Lunes	15985
2211	15:00:00	16:50:00	MB-204	Miércoles	15986
1732	09:00:00	10:50:00	A2-205	Viernes	15987
1732	13:00:00	13:50:00	A2-404	Martes	15988
2214	14:00:00	15:50:00	PS-301	Lunes	15989
2214	14:00:00	14:50:00	MB-206	Miércoles	15990
2215	10:00:00	11:50:00	MB-303	Miércoles	15991
1912	08:00:00	09:50:00	MB-206	Lunes	15992
1886	12:00:00	12:50:00	A1-308	Viernes	15993
1886	17:00:00	18:50:00	A1-308	Martes	15994
2032	09:00:00	09:50:00	A2-204	Martes	15995
2032	09:00:00	10:50:00	A2-204	Viernes	15996
1150	07:00:00	07:50:00	A2-304	Martes	15997
1150	07:00:00	08:50:00	A2-205	Viernes	15998
2692	12:00:00	13:50:00	MB-301	Miércoles	15999
2692	13:00:00	13:50:00	MB-202	Jueves	16000
2201	10:00:00	11:50:00	MB-203	Lunes	16001
2213	11:00:00	11:50:00	MB-303	Lunes	16002
2213	11:00:00	12:50:00	MB-303	Jueves	16003
2220	02:00:00	03:50:00	MB-402	Miércoles	16004
2220	02:00:00	02:50:00	MB-203	Jueves	16005
1391	01:00:00	02:50:00	\N	Jueves	16006
1391	02:00:00	02:50:00	\N	Lunes	16007
1914	02:00:00	02:50:00	\N	Lunes	16008
1914	02:00:00	03:50:00	\N	Miércoles	16009
1070	15:00:00	16:50:00	PS-305	Lunes	16010
1464	08:00:00	09:50:00	MB-204	Lunes	16011
1165	10:00:00	11:50:00	A1-407	Martes	16012
1165	14:00:00	14:50:00	PS-305	Lunes	16013
1446	08:00:00	08:50:00	A2-504	Miércoles	16014
1446	10:00:00	11:50:00	A2-501	Lunes	16015
2255	17:00:00	18:50:00	PS-304	Miércoles	16016
2256	17:00:00	18:50:00	PS-304	Lunes	16017
2256	17:00:00	18:50:00	PS-304	Martes	16018
2678	07:00:00	08:50:00	A2-405	Miércoles	16019
2239	07:00:00	07:50:00	A1-304	Miércoles	16020
2239	15:00:00	16:50:00	A2-403	Lunes	16021
1850	09:00:00	10:50:00	A1-308	Martes	16022
1850	09:00:00	09:50:00	A1-308	Viernes	16023
1857	07:00:00	08:50:00	A4-101	Lunes	16024
1857	07:00:00	07:50:00	A2-207	Jueves	16025
2224	07:00:00	08:50:00	A2-306	Lunes	16026
2224	07:00:00	07:50:00	A2-407	Viernes	16027
2232	14:00:00	15:50:00	A4-201	Lunes	16028
2232	14:00:00	14:50:00	A4-203	Miércoles	16029
2285	09:00:00	10:50:00	A4-101	Lunes	16030
2285	09:00:00	09:50:00	A2-307	Viernes	16031
1083	07:00:00	07:50:00	A1-306	Jueves	16032
1083	10:00:00	11:50:00	A2-305	Martes	16033
1102	09:00:00	10:50:00	A1-308	Lunes	16034
1102	09:00:00	09:50:00	A2-407	Jueves	16035
1869	08:00:00	09:50:00	A1-306	Jueves	16036
1869	11:00:00	11:50:00	A4-103	Lunes	16037
2237	17:00:00	18:50:00	A2-305	Jueves	16038
2237	18:00:00	18:50:00	A2-304	Martes	16039
2691	12:00:00	12:50:00	A2-304	Martes	16040
2691	15:00:00	16:50:00	A2-305	Jueves	16041
1047	07:00:00	08:50:00	A4-203	Martes	16042
1047	09:00:00	09:50:00	A5-203	Lunes	16043
1413	07:00:00	07:50:00	A1-307	Lunes	16044
1413	07:00:00	08:50:00	A5-203	Martes	16045
2247	10:00:00	10:50:00	A2-502	Viernes	16046
2247	11:00:00	12:50:00	A2-205	Lunes	16047
2693	10:00:00	11:50:00	MB-301	Lunes	16048
2693	10:00:00	10:50:00	MB-301	Martes	16049
2248	11:00:00	11:50:00	A5-203	Miércoles	16050
2248	16:00:00	17:50:00	A4-204	Viernes	16051
2679	11:00:00	12:50:00	A2-304	Jueves	16052
2679	11:00:00	11:50:00	A2-204	Viernes	16053
2680	09:00:00	09:50:00	A3-103	Jueves	16054
2680	13:00:00	14:50:00	A4-103	Martes	16055
2303	17:00:00	18:50:00	MB-204	Miércoles	16056
2303	18:00:00	18:50:00	MB-203	Lunes	16057
2706	07:00:00	08:50:00	A4-201	Miércoles	16058
2706	15:00:00	15:50:00	A2-301	Jueves	16059
2263	08:00:00	12:50:00	\N	Lunes	16060
2263	08:00:00	12:50:00	\N	Martes	16061
2263	08:00:00	12:50:00	\N	Miércoles	16062
2263	08:00:00	12:50:00	\N	Jueves	16063
2263	08:00:00	12:50:00	\N	Viernes	16064
2263	14:00:00	16:50:00	\N	Lunes	16065
2263	14:00:00	16:50:00	\N	Martes	16066
2263	14:00:00	16:50:00	\N	Miércoles	16067
2263	14:00:00	16:50:00	\N	Jueves	16068
2263	14:00:00	16:50:00	\N	Viernes	16069
1900	14:00:00	14:50:00	A4-103	Lunes	16070
1900	15:00:00	16:50:00	A4-103	Miércoles	16071
1336	15:00:00	16:50:00	A1-402	Lunes	16072
1336	15:00:00	15:50:00	A2-203	Viernes	16073
1476	08:00:00	09:50:00	A1-402	Miércoles	16074
1476	15:00:00	15:50:00	A2-505	Jueves	16075
1943	07:00:00	07:50:00	A2-503	Martes	16076
1943	09:00:00	10:50:00	A1-405	Lunes	16077
2005	11:00:00	11:50:00	A2-507	Martes	16078
2005	13:00:00	14:50:00	A1-404	Viernes	16079
2713	12:00:00	12:50:00	A3-104	Martes	16080
2713	17:00:00	18:50:00	A1-403	Miércoles	16081
1249	07:00:00	07:50:00	A2-502	Viernes	16082
1249	09:00:00	10:50:00	A1-405	Jueves	16083
1500	09:00:00	09:50:00	A2-406	Viernes	16084
1500	16:00:00	17:50:00	A1-407	Martes	16085
2704	13:00:00	13:50:00	A4-204	Miércoles	16086
2704	15:00:00	16:50:00	A1-403	Martes	16087
1834	07:00:00	08:50:00	A4-204	Lunes	16088
1834	07:00:00	07:50:00	A1-305	Martes	16089
1890	13:00:00	13:50:00	A4-203	Lunes	16090
1892	13:00:00	14:50:00	A1-403	Martes	16091
1318	17:00:00	18:50:00	A1-403	Martes	16092
1318	17:00:00	17:50:00	A2-402	Jueves	16093
1122	15:00:00	15:50:00	A4-204	Lunes	16094
1122	17:00:00	18:50:00	A3-103	Martes	16095
2509	09:00:00	09:50:00	A4-103	Lunes	16096
2509	09:00:00	10:50:00	A2-307	Jueves	16097
2322	18:00:00	19:50:00	A2-506	Lunes	16098
2322	19:00:00	19:50:00	A2-402	Martes	16099
2332	10:00:00	10:50:00	A4-202	Viernes	16100
2332	13:00:00	14:50:00	A4-204	Lunes	16101
2297	07:00:00	07:50:00	A4-204	Miércoles	16102
2297	15:00:00	16:50:00	A4-202	Viernes	16103
1288	13:00:00	13:50:00	A2-407	Martes	16104
1288	16:00:00	17:50:00	A2-503	Miércoles	16105
1887	17:00:00	18:50:00	A2-308	Viernes	16106
1887	19:00:00	19:50:00	A1-304	Lunes	16107
1331	18:00:00	19:50:00	A2-306	Viernes	16108
1331	19:00:00	19:50:00	A1-306	Martes	16109
1337	18:00:00	19:50:00	A2-207	Miércoles	16110
1337	19:00:00	19:50:00	A2-207	Lunes	16111
2071	07:00:00	07:50:00	A4-102	Lunes	16112
2071	15:00:00	16:50:00	A2-504	Jueves	16113
2342	07:00:00	07:50:00	A2-407	Martes	16114
2342	08:00:00	09:50:00	A2-408	Miércoles	16115
1490	18:00:00	19:50:00	A2-501	Lunes	16116
1490	19:00:00	19:50:00	A1-307	Miércoles	16117
2083	18:00:00	19:50:00	A3-104	Martes	16118
2083	19:00:00	19:50:00	A1-304	Jueves	16119
2333	10:00:00	10:50:00	A4-202	Viernes	16120
2333	13:00:00	14:50:00	A4-204	Lunes	16121
2164	07:00:00	08:50:00	MB-205	Miércoles	16122
1507	14:00:00	15:50:00	A2-302	Viernes	16123
1508	08:00:00	09:50:00	A4-102	Jueves	16124
2162	11:00:00	12:50:00	A1-307	Martes	16125
2163	13:00:00	14:50:00	MB-202	Miércoles	16126
2521	08:00:00	09:50:00	A2-408	Martes	16127
2359	13:00:00	14:50:00	A2-207	Miércoles	16128
1929	15:00:00	16:50:00	A2-406	Lunes	16129
1930	10:00:00	11:50:00	A2-403	Miércoles	16130
2383	15:00:00	16:50:00	A2-303	Lunes	16131
2182	14:00:00	15:50:00	\N	Miércoles	16132
2182	14:00:00	15:50:00	\N	Viernes	16133
1396	08:00:00	08:50:00	A2-308	Martes	16134
1396	08:00:00	09:50:00	A2-502	Miércoles	16135
1398	07:00:00	07:50:00	A2-406	Miércoles	16136
1398	07:00:00	08:50:00	A4-201	Viernes	16137
1409	10:00:00	10:50:00	A1-307	Lunes	16138
1409	10:00:00	11:50:00	A2-203	Jueves	16139
1415	07:00:00	07:50:00	A2-507	Lunes	16140
1415	07:00:00	08:50:00	A2-306	Martes	16141
1420	09:00:00	10:50:00	A4-201	Martes	16142
1420	09:00:00	09:50:00	A1-307	Viernes	16143
1424	07:00:00	07:50:00	A2-408	Martes	16144
1424	07:00:00	08:50:00	A2-505	Viernes	16145
1788	14:00:00	14:50:00	A2-206	Lunes	16146
1788	14:00:00	15:50:00	A2-206	Jueves	16147
1790	07:00:00	07:50:00	A2-308	Martes	16148
1790	07:00:00	08:50:00	A2-304	Miércoles	16149
1357	13:00:00	13:50:00	A2-403	Martes	16150
1357	13:00:00	14:50:00	A2-405	Viernes	16151
1798	09:00:00	10:50:00	A2-302	Martes	16152
1798	09:00:00	09:50:00	A4-101	Jueves	16153
1799	09:00:00	10:50:00	A2-306	Miércoles	16154
1799	09:00:00	09:50:00	A2-301	Viernes	16155
1837	07:00:00	07:50:00	A2-401	Miércoles	16156
1837	07:00:00	08:50:00	A4-201	Jueves	16157
1360	14:00:00	14:50:00	A2-303	Lunes	16158
1360	14:00:00	15:50:00	A4-202	Jueves	16159
1364	08:00:00	08:50:00	A1-308	Martes	16160
1364	11:00:00	12:50:00	A2-308	Miércoles	16161
1367	07:00:00	08:50:00	A2-207	Miércoles	16162
1367	09:00:00	09:50:00	A2-306	Martes	16163
1369	09:00:00	09:50:00	A2-506	Jueves	16164
1369	13:00:00	14:50:00	A2-405	Miércoles	16165
1370	07:00:00	07:50:00	A2-503	Miércoles	16166
1370	10:00:00	11:50:00	A2-502	Lunes	16167
1392	13:00:00	14:50:00	A2-305	Miércoles	16168
1392	13:00:00	13:50:00	A2-308	Viernes	16169
1456	17:00:00	18:50:00	A2-301	Martes	16170
1456	18:00:00	18:50:00	A2-408	Jueves	16171
1804	17:00:00	18:50:00	A2-506	Martes	16172
1804	17:00:00	17:50:00	A2-401	Miércoles	16173
1938	16:00:00	17:50:00	A2-403	Jueves	16174
1938	18:00:00	18:50:00	A2-401	Miércoles	16175
1077	07:00:00	08:50:00	A2-304	Lunes	16176
1077	13:00:00	13:50:00	A2-302	Miércoles	16177
1113	17:00:00	18:50:00	A2-205	Lunes	16178
1113	17:00:00	17:50:00	A1-307	Viernes	16179
1196	11:00:00	11:50:00	A1-306	Lunes	16180
1196	11:00:00	12:50:00	A2-205	Miércoles	16181
1245	07:00:00	08:50:00	A2-205	Miércoles	16182
1245	09:00:00	09:50:00	A2-301	Martes	16183
1290	10:00:00	11:50:00	A3-203	Jueves	16184
1290	12:00:00	12:50:00	A2-504	Lunes	16185
1285	07:00:00	08:50:00	A1-306	Miércoles	16186
2343	07:00:00	08:50:00	A1-304	Lunes	16187
2357	07:00:00	08:50:00	A2-306	Viernes	16188
1388	08:00:00	09:50:00	A1-307	Lunes	16189
1412	09:00:00	10:50:00	A4-102	Viernes	16190
1701	13:00:00	14:50:00	A2-507	Miércoles	16191
1787	08:00:00	09:50:00	A2-308	Jueves	16192
2066	07:00:00	08:50:00	A2-501	Martes	16193
2101	14:00:00	15:50:00	A2-502	Miércoles	16194
1066	14:00:00	15:50:00	A2-402	Miércoles	16195
2093	15:00:00	16:50:00	A2-407	Jueves	16196
1072	14:00:00	15:50:00	A2-406	Martes	16197
1078	07:00:00	08:50:00	A2-302	Martes	16198
1084	16:00:00	17:50:00	A4-201	Jueves	16199
1925	14:00:00	15:50:00	A4-201	Jueves	16200
2088	16:00:00	17:50:00	A2-402	Miércoles	16201
2090	17:00:00	18:50:00	A2-402	Lunes	16202
2091	16:00:00	17:50:00	A2-407	Martes	16203
1911	09:00:00	10:50:00	A2-402	Miércoles	16204
2222	13:00:00	14:50:00	A2-507	Lunes	16205
1363	15:00:00	16:50:00	A2-407	Viernes	16206
1365	17:00:00	18:50:00	A2-407	Viernes	16207
1371	13:00:00	14:50:00	A2-407	Viernes	16208
1374	07:00:00	08:50:00	A4-101	Miércoles	16209
1375	15:00:00	16:50:00	A2-307	Viernes	16210
1482	09:00:00	10:50:00	A2-302	Sábado	16211
1485	11:00:00	12:50:00	A2-302	Sábado	16212
2571	18:00:00	19:50:00	A2-308	Jueves	16213
2522	18:00:00	19:50:00	A2-307	Viernes	16214
2052	14:00:00	15:50:00	A2-402	Viernes	16215
1931	09:00:00	10:50:00	A2-303	Miércoles	16216
1315	09:00:00	10:50:00	A4-203	Lunes	16217
1241	09:00:00	10:50:00	\N	Miércoles	16218
1244	07:00:00	08:50:00	\N	Miércoles	16219
2676	07:00:00	08:50:00	A3-204	Martes	16220
2676	07:00:00	08:50:00	A2-206	Jueves	16221
1155	16:00:00	16:50:00	A2-204	Lunes	16222
1155	16:00:00	16:50:00	A2-204	Martes	16223
1155	16:00:00	16:50:00	A2-204	Jueves	16224
1155	16:00:00	16:50:00	A2-204	Viernes	16225
1561	16:00:00	16:50:00	A2-404	Lunes	16226
1561	16:00:00	16:50:00	A1-307	Miércoles	16227
1561	16:00:00	16:50:00	A2-404	Jueves	16228
1561	16:00:00	16:50:00	A2-404	Viernes	16229
2585	18:00:00	19:50:00	A3-204	Martes	16230
2585	18:00:00	19:50:00	A2-405	Jueves	16231
2578	07:00:00	08:50:00	\N	Martes	16232
2578	07:00:00	08:50:00	A3-204	Viernes	16233
1851	07:00:00	07:50:00	A2-204	Lunes	16234
1851	07:00:00	07:50:00	A2-204	Martes	16235
1851	07:00:00	07:50:00	A2-204	Miércoles	16236
1851	07:00:00	07:50:00	A2-204	Viernes	16237
1865	08:00:00	08:50:00	A2-204	Lunes	16238
1865	08:00:00	08:50:00	A2-204	Martes	16239
1865	08:00:00	08:50:00	A2-404	Jueves	16240
1865	08:00:00	08:50:00	A2-204	Viernes	16241
1868	14:00:00	14:50:00	A3-202	Lunes	16242
1868	14:00:00	14:50:00	A2-204	Martes	16243
1868	14:00:00	14:50:00	A2-204	Miércoles	16244
1868	14:00:00	14:50:00	A2-404	Viernes	16245
2240	15:00:00	15:50:00	A2-404	Lunes	16246
2240	15:00:00	15:50:00	A2-204	Martes	16247
2240	15:00:00	15:50:00	A2-204	Miércoles	16248
2240	15:00:00	15:50:00	A2-404	Viernes	16249
1338	11:00:00	11:50:00	A2-306	Lunes	16250
1338	11:00:00	11:50:00	A3-203	Martes	16251
1338	11:00:00	11:50:00	A1-308	Miércoles	16252
1338	11:00:00	11:50:00	A2-406	Jueves	16253
1937	07:00:00	07:50:00	A3-104	Lunes	16254
1937	07:00:00	07:50:00	A3-104	Martes	16255
1937	07:00:00	07:50:00	A3-104	Jueves	16256
1937	07:00:00	07:50:00	A3-103	Viernes	16257
2195	13:00:00	13:50:00	A3-103	Lunes	16258
2195	13:00:00	13:50:00	A3-103	Miércoles	16259
2195	13:00:00	13:50:00	A3-103	Jueves	16260
2195	13:00:00	13:50:00	A3-204	Viernes	16261
1712	08:00:00	08:50:00	A3-104	Lunes	16262
1712	08:00:00	08:50:00	A3-104	Martes	16263
1712	08:00:00	08:50:00	A3-104	Jueves	16264
1712	08:00:00	08:50:00	A3-103	Viernes	16265
2586	08:00:00	09:50:00	\N	Martes	16266
2586	08:00:00	09:50:00	A3-202	Jueves	16267
2580	09:00:00	10:50:00	\N	Martes	16268
2580	09:00:00	10:50:00	A2-405	Viernes	16269
1795	13:00:00	13:50:00	A3-204	Lunes	16270
1795	13:00:00	13:50:00	A3-104	Martes	16271
1795	13:00:00	13:50:00	A3-104	Miércoles	16272
1795	13:00:00	13:50:00	A3-104	Viernes	16273
2552	10:00:00	10:50:00	A2-205	Lunes	16274
2552	10:00:00	10:50:00	A2-204	Martes	16275
2552	10:00:00	10:50:00	A2-204	Miércoles	16276
2552	10:00:00	10:50:00	A2-404	Jueves	16277
1166	14:00:00	15:50:00	A3-203	Martes	16278
1166	14:00:00	15:50:00	\N	Viernes	16279
1210	17:00:00	18:50:00	A3-202	Martes	16280
1210	17:00:00	18:50:00	\N	Jueves	16281
1224	09:00:00	10:50:00	A3-104	Martes	16282
1224	09:00:00	10:50:00	A2-205	Jueves	16283
1228	13:00:00	14:50:00	A3-203	Lunes	16284
1228	13:00:00	14:50:00	\N	Jueves	16285
1231	09:00:00	10:50:00	A3-204	Lunes	16286
1231	09:00:00	10:50:00	\N	Miércoles	16287
1232	09:00:00	10:50:00	A2-407	Lunes	16288
1232	09:00:00	10:50:00	\N	Martes	16289
1167	17:00:00	18:50:00	A2-307	Miércoles	16290
1167	17:00:00	18:50:00	\N	Viernes	16291
1169	11:00:00	12:50:00	A1-307	Lunes	16292
1169	11:00:00	12:50:00	A2-408	Miércoles	16293
1172	17:00:00	18:50:00	A2-307	Lunes	16294
1172	17:00:00	18:50:00	\N	Viernes	16295
1183	07:00:00	08:50:00	A3-203	Lunes	16296
1183	07:00:00	08:50:00	A3-203	Miércoles	16297
1189	17:00:00	18:50:00	A3-103	Lunes	16298
1189	17:00:00	18:50:00	A3-103	Miércoles	16299
1087	16:00:00	17:50:00	A4-203	Lunes	16300
1087	16:00:00	17:50:00	A1-307	Martes	16301
1129	08:00:00	09:50:00	A2-205	Lunes	16302
1129	08:00:00	09:50:00	A3-103	Miércoles	16303
1135	11:00:00	12:50:00	A3-204	Miércoles	16304
1135	11:00:00	12:50:00	A3-103	Viernes	16305
1139	07:00:00	08:50:00	\N	Miércoles	16306
1139	07:00:00	08:50:00	A3-202	Viernes	16307
1649	13:00:00	14:50:00	\N	Lunes	16308
1649	13:00:00	14:50:00	A3-203	Miércoles	16309
2151	11:00:00	12:50:00	A2-402	Lunes	16310
2151	11:00:00	12:50:00	A2-402	Viernes	16311
1092	15:00:00	16:50:00	A3-202	Miércoles	16312
1092	15:00:00	16:50:00	\N	Viernes	16313
1117	11:00:00	12:50:00	A2-204	Lunes	16314
1117	11:00:00	12:50:00	\N	Jueves	16315
1362	10:00:00	11:50:00	A3-103	Lunes	16316
1362	10:00:00	11:50:00	A3-202	Jueves	16317
1796	16:00:00	17:50:00	A3-204	Lunes	16318
1796	16:00:00	17:50:00	A3-204	Jueves	16319
2057	14:00:00	15:50:00	A2-204	Jueves	16320
2057	14:00:00	15:50:00	A3-102	Viernes	16321
2087	15:00:00	16:50:00	A3-103	Martes	16322
2087	15:00:00	16:50:00	\N	Jueves	16323
2144	07:00:00	08:50:00	A2-301	Lunes	16324
2144	07:00:00	08:50:00	A2-205	Jueves	16325
2515	07:00:00	08:50:00	A3-204	Lunes	16326
2515	07:00:00	08:50:00	\N	Miércoles	16327
2516	16:00:00	17:50:00	A2-204	Miércoles	16328
2516	16:00:00	17:50:00	A2-302	Viernes	16329
2587	13:00:00	14:50:00	A3-202	Martes	16330
2587	13:00:00	14:50:00	\N	Viernes	16331
1696	12:00:00	13:50:00	A3-102	Martes	16332
1696	12:00:00	13:50:00	\N	Jueves	16333
1703	17:00:00	18:50:00	A3-202	Lunes	16334
1703	17:00:00	18:50:00	A3-202	Miércoles	16335
1727	16:00:00	17:50:00	A2-502	Martes	16336
1727	16:00:00	17:50:00	A3-203	Miércoles	16337
1731	09:00:00	10:50:00	A3-204	Martes	16338
1731	09:00:00	10:50:00	\N	Jueves	16339
1740	14:00:00	15:50:00	A2-204	Lunes	16340
1740	14:00:00	15:50:00	\N	Viernes	16341
1748	13:00:00	14:50:00	A3-204	Miércoles	16342
1748	13:00:00	14:50:00	\N	Viernes	16343
2554	07:00:00	08:50:00	A2-307	Miércoles	16344
2554	07:00:00	08:50:00	A3-203	Viernes	16345
2551	15:00:00	16:50:00	A2-307	Lunes	16346
2551	15:00:00	16:50:00	A3-104	Jueves	16347
2150	17:00:00	18:50:00	A4-102	Miércoles	16348
2150	18:00:00	18:50:00	A2-408	Viernes	16349
1932	07:00:00	08:50:00	A2-303	Martes	16350
1932	09:00:00	10:50:00	A1-308	Miércoles	16351
1928	07:00:00	08:50:00	A2-304	Jueves	16352
1928	13:00:00	14:50:00	LBIC13	Martes	16353
1418	13:00:00	14:50:00	A4-102	Miércoles	16354
1418	16:00:00	17:50:00	A1-306	Jueves	16355
1721	14:00:00	15:50:00	A2-503	Miércoles	16356
1721	14:00:00	15:50:00	A2-405	Jueves	16357
2136	07:00:00	08:50:00	A4-201	Lunes	16358
2136	15:00:00	16:50:00	A2-304	Viernes	16359
1681	10:00:00	11:50:00	A2-405	Lunes	16360
1681	13:00:00	14:50:00	A2-503	Viernes	16361
1783	09:00:00	09:50:00	A2-506	Sábado	16362
1783	18:00:00	19:50:00	A1-305	Viernes	16363
1238	07:00:00	08:50:00	A2-505	Sábado	16364
1238	17:00:00	17:50:00	A2-406	Viernes	16365
1779	15:00:00	16:50:00	A1-407	Jueves	16366
1779	18:00:00	18:50:00	A1-407	Martes	16367
1124	11:00:00	12:50:00	A2-405	Miércoles	16368
1125	09:00:00	10:50:00	A5-104	Martes	16369
1376	15:00:00	16:50:00	A4-102	Miércoles	16370
1377	15:00:00	16:50:00	A5-104	Viernes	16371
1926	11:00:00	12:50:00	A2-205	Viernes	16372
1927	14:00:00	15:50:00	A5-104	Lunes	16373
1817	12:00:00	14:50:00	A2-405	Lunes	16374
1816	12:00:00	14:50:00	A2-405	Lunes	16375
2362	08:00:00	12:50:00	\N	Lunes	16376
2362	08:00:00	12:50:00	\N	Martes	16377
2362	08:00:00	12:50:00	\N	Miércoles	16378
2362	08:00:00	12:50:00	\N	Jueves	16379
2362	08:00:00	12:50:00	\N	Viernes	16380
2362	14:00:00	16:50:00	\N	Lunes	16381
2362	14:00:00	16:50:00	\N	Martes	16382
2362	14:00:00	16:50:00	\N	Miércoles	16383
2362	14:00:00	16:50:00	\N	Jueves	16384
2362	14:00:00	16:50:00	\N	Viernes	16385
2135	07:00:00	08:50:00	A4-201	Lunes	16386
2135	15:00:00	16:50:00	A2-304	Viernes	16387
2156	16:00:00	16:50:00	A4-102	Lunes	16388
2156	17:00:00	18:50:00	A2-305	Miércoles	16389
1497	09:00:00	10:50:00	A4-103	Viernes	16390
1497	15:00:00	15:50:00	A4-103	Jueves	16391
1081	07:00:00	08:50:00	A2-206	Martes	16392
1081	13:00:00	14:50:00	A2-206	Viernes	16393
1876	08:00:00	08:50:00	A2-507	Sábado	16394
1876	17:00:00	18:50:00	A2-502	Viernes	16395
1852	13:00:00	14:50:00	A4-101	Lunes	16396
1852	15:00:00	15:50:00	A4-102	Viernes	16397
1959	07:00:00	08:50:00	A1-308	Sábado	16398
1960	13:00:00	14:50:00	LBIC13	Viernes	16399
1263	16:00:00	16:50:00	A1-403	Jueves	16400
1263	18:00:00	19:50:00	A2-308	Martes	16401
2574	08:00:00	08:50:00	A4-201	Martes	16402
2574	11:00:00	12:50:00	A4-204	Miércoles	16403
1871	15:00:00	16:50:00	A2-408	Lunes	16404
1871	15:00:00	16:50:00	A2-406	Viernes	16405
2513	07:00:00	08:50:00	A1-308	Viernes	16406
2513	13:00:00	14:50:00	A1-307	Miércoles	16407
1093	07:00:00	08:50:00	A2-205	Martes	16408
1093	10:00:00	11:50:00	A2-305	Jueves	16409
1862	10:00:00	11:50:00	A2-401	Martes	16410
1862	15:00:00	16:50:00	A2-205	Jueves	16411
1866	07:00:00	08:50:00	A2-405	Lunes	16412
1866	13:00:00	14:50:00	A2-205	Jueves	16413
1248	18:00:00	19:50:00	A2-206	Miércoles	16414
1248	19:00:00	19:50:00	A2-206	Lunes	16415
1742	11:00:00	12:50:00	A4-103	Viernes	16416
1742	15:00:00	15:50:00	A4-103	Lunes	16417
1860	09:00:00	10:50:00	A1-306	Viernes	16418
1860	13:00:00	13:50:00	A1-304	Lunes	16419
1648	17:00:00	18:50:00	A2-206	Lunes	16420
1648	19:00:00	19:50:00	A2-206	Jueves	16421
2535	11:00:00	12:50:00	A2-502	Martes	16422
2535	13:00:00	13:50:00	A2-302	Viernes	16423
1789	08:00:00	09:50:00	A2-406	Miércoles	16424
1789	09:00:00	09:50:00	A2-405	Lunes	16425
2178	08:00:00	09:50:00	A1-404	Martes	16426
2178	11:00:00	11:50:00	A1-404	Miércoles	16427
2125	09:00:00	10:50:00	A2-205	Miércoles	16428
2125	10:00:00	10:50:00	A2-408	Jueves	16429
2049	13:00:00	13:50:00	A1-304	Miércoles	16430
2049	13:00:00	14:50:00	A2-307	Jueves	16431
1832	17:00:00	18:50:00	A4-102	Lunes	16432
1832	17:00:00	17:50:00	A4-102	Martes	16433
1944	09:00:00	09:50:00	A2-303	Martes	16434
1944	11:00:00	12:50:00	A2-207	Lunes	16435
1667	07:00:00	08:50:00	A4-203	Lunes	16436
1667	07:00:00	07:50:00	A3-103	Jueves	16437
1669	09:00:00	09:50:00	LBIM8	Viernes	16438
1820	07:00:00	08:50:00	A4-102	Viernes	16439
1821	16:00:00	16:50:00	LBIC13	Martes	16440
1822	14:00:00	14:50:00	LBIC13	Jueves	16441
2609	12:00:00	13:50:00	A2-403	Lunes	16442
2610	15:00:00	15:50:00	LBIC13	Miércoles	16443
2611	09:00:00	09:50:00	LBIC13	Viernes	16444
1836	11:00:00	12:50:00	A1-304	Viernes	16445
2050	12:00:00	12:50:00	A4-103	Martes	16446
2050	16:00:00	17:50:00	A4-103	Jueves	16447
2733	08:00:00	12:50:00	\N	Lunes	16448
2733	08:00:00	12:50:00	\N	Martes	16449
2733	08:00:00	12:50:00	\N	Miércoles	16450
2733	08:00:00	12:50:00	\N	Jueves	16451
2733	08:00:00	12:50:00	\N	Viernes	16452
2733	14:00:00	16:50:00	\N	Lunes	16453
2733	14:00:00	16:50:00	\N	Martes	16454
2733	14:00:00	16:50:00	\N	Miércoles	16455
2733	14:00:00	16:50:00	\N	Jueves	16456
2733	14:00:00	16:50:00	\N	Viernes	16457
1397	08:00:00	12:50:00	\N	Lunes	16458
1397	08:00:00	12:50:00	\N	Martes	16459
1397	08:00:00	12:50:00	\N	Miércoles	16460
1397	08:00:00	12:50:00	\N	Jueves	16461
1397	08:00:00	12:50:00	\N	Viernes	16462
1397	14:00:00	16:50:00	\N	Lunes	16463
1397	14:00:00	16:50:00	\N	Martes	16464
1397	14:00:00	16:50:00	\N	Miércoles	16465
1397	14:00:00	16:50:00	\N	Jueves	16466
1397	14:00:00	16:50:00	\N	Viernes	16467
2748	08:00:00	12:50:00	\N	Lunes	16468
2748	08:00:00	12:50:00	\N	Martes	16469
2748	08:00:00	12:50:00	\N	Miércoles	16470
2748	08:00:00	12:50:00	\N	Jueves	16471
2748	08:00:00	12:50:00	\N	Viernes	16472
2748	14:00:00	16:50:00	\N	Lunes	16473
2748	14:00:00	16:50:00	\N	Martes	16474
2748	14:00:00	16:50:00	\N	Miércoles	16475
2748	14:00:00	16:50:00	\N	Jueves	16476
2748	14:00:00	16:50:00	\N	Viernes	16477
1877	08:00:00	08:50:00	A2-507	Sábado	16478
1877	17:00:00	18:50:00	A2-502	Viernes	16479
1264	16:00:00	16:50:00	A1-403	Jueves	16480
1264	18:00:00	19:50:00	A2-308	Martes	16481
1872	15:00:00	16:50:00	A2-408	Lunes	16482
1872	15:00:00	16:50:00	A2-406	Viernes	16483
2514	07:00:00	08:50:00	A1-308	Viernes	16484
2514	13:00:00	14:50:00	A1-307	Miércoles	16485
1094	07:00:00	08:50:00	A2-205	Martes	16486
1094	10:00:00	11:50:00	A2-305	Jueves	16487
1863	10:00:00	11:50:00	A2-401	Martes	16488
1863	15:00:00	16:50:00	A2-205	Jueves	16489
2051	12:00:00	12:50:00	A4-103	Martes	16490
2051	16:00:00	17:50:00	A4-103	Jueves	16491
1999	13:00:00	14:50:00	A1-308	Miércoles	16492
1999	15:00:00	16:50:00	A2-206	Martes	16493
2364	07:00:00	08:50:00	LBIN5	Martes	16494
2364	07:00:00	07:50:00	LBIN5	Viernes	16495
2366	07:00:00	07:50:00	LBIN5	Lunes	16496
2368	08:00:00	08:50:00	LBIN5	Lunes	16497
1991	10:00:00	11:50:00	LBIN5	Miércoles	16498
1991	11:00:00	11:50:00	LBIN5	Viernes	16499
1992	11:00:00	11:50:00	LBIN5	Lunes	16500
1990	09:00:00	10:50:00	A2-405	Miércoles	16501
1990	09:00:00	10:50:00	A2-106	Viernes	16502
1995	09:00:00	09:50:00	A2-502	Viernes	16503
1995	10:00:00	11:50:00	A2-106	Martes	16504
2695	08:00:00	08:50:00	A2-106	Miércoles	16505
1983	10:00:00	11:50:00	A2-506	Viernes	16506
1699	07:00:00	08:50:00	A3-204	Miércoles	16507
1699	07:00:00	08:50:00	A2-403	Viernes	16508
1901	09:00:00	10:50:00	A2-403	Lunes	16509
1901	09:00:00	10:50:00	A2-505	Jueves	16510
2006	07:00:00	08:50:00	LBIN5	Miércoles	16511
2006	09:00:00	10:50:00	A2-304	Viernes	16512
2112	17:00:00	18:50:00	A2-304	Lunes	16513
2112	17:00:00	18:50:00	A4-203	Miércoles	16514
1996	07:00:00	07:50:00	A2-305	Miércoles	16515
1996	16:00:00	17:50:00	A2-207	Lunes	16516
2000	13:00:00	14:50:00	A2-103	Lunes	16517
2000	13:00:00	13:50:00	A2-103	Viernes	16518
1994	16:00:00	17:50:00	A4-203	Martes	16519
1994	16:00:00	17:50:00	A2-304	Jueves	16520
1997	08:00:00	09:50:00	A1-304	Martes	16521
1997	13:00:00	14:50:00	A2-505	Viernes	16522
1998	13:00:00	14:50:00	A2-207	Lunes	16523
1998	16:00:00	17:50:00	A1-305	Viernes	16524
2001	13:00:00	14:50:00	A2-103	Miércoles	16525
2001	15:00:00	16:50:00	A2-103	Lunes	16526
2365	07:00:00	08:50:00	LBIN5	Martes	16527
2365	07:00:00	07:50:00	LBIN5	Viernes	16528
2369	08:00:00	08:50:00	LBIN5	Lunes	16529
1118	08:00:00	12:50:00	\N	Lunes	16530
1118	08:00:00	12:50:00	\N	Martes	16531
1118	08:00:00	12:50:00	\N	Miércoles	16532
1118	08:00:00	12:50:00	\N	Jueves	16533
1118	08:00:00	12:50:00	\N	Viernes	16534
1118	14:00:00	16:50:00	\N	Lunes	16535
1118	14:00:00	16:50:00	\N	Martes	16536
1118	14:00:00	16:50:00	\N	Miércoles	16537
1118	14:00:00	16:50:00	\N	Jueves	16538
1118	14:00:00	16:50:00	\N	Viernes	16539
2414	13:00:00	14:50:00	A2-308	Lunes	16540
2414	15:00:00	16:50:00	A5-203	Miércoles	16541
2415	08:00:00	09:50:00	A2-307	Lunes	16542
2415	09:00:00	10:50:00	A3-104	Jueves	16543
2374	08:00:00	09:50:00	A4-102	Miércoles	16544
2374	08:00:00	09:50:00	A2-506	Viernes	16545
1989	07:00:00	08:50:00	A2-103	Jueves	16546
1989	09:00:00	10:50:00	A2-103	Lunes	16547
2431	13:00:00	14:50:00	A2-503	Martes	16548
2431	15:00:00	16:50:00	A2-503	Viernes	16549
1257	17:00:00	17:50:00	A2-308	Jueves	16550
1257	18:00:00	19:50:00	A1-307	Martes	16551
1258	10:00:00	10:50:00	A2-107	Lunes	16552
2614	11:00:00	11:50:00	A2-107	Lunes	16553
2371	17:00:00	18:50:00	A2-203	Martes	16554
2371	17:00:00	18:50:00	A2-203	Jueves	16555
1273	15:00:00	16:50:00	A2-104	Miércoles	16556
1273	16:00:00	17:50:00	A2-104	Lunes	16557
1571	15:00:00	16:50:00	A2-104	Martes	16558
1571	15:00:00	16:50:00	A2-104	Jueves	16559
1984	10:00:00	11:50:00	A2-506	Viernes	16560
1308	08:00:00	09:50:00	A2-505	Lunes	16561
1308	16:00:00	17:50:00	A2-403	Martes	16562
1600	13:00:00	14:50:00	A2-407	Lunes	16563
1600	13:00:00	14:50:00	A2-407	Jueves	16564
2253	17:00:00	18:50:00	A2-306	Martes	16565
2253	17:00:00	18:50:00	A2-505	Miércoles	16566
2402	16:00:00	17:50:00	A2-301	Lunes	16567
2402	16:00:00	17:50:00	A4-203	Jueves	16568
2410	13:00:00	14:50:00	A2-403	Miércoles	16569
2410	15:00:00	16:50:00	A2-401	Martes	16570
2363	09:00:00	10:50:00	A4-201	Jueves	16571
2363	10:00:00	11:50:00	A2-301	Martes	16572
2007	13:00:00	14:50:00	A2-304	Viernes	16573
2007	14:00:00	15:50:00	A2-106	Miércoles	16574
2373	15:00:00	16:50:00	A2-203	Martes	16575
2373	17:00:00	18:50:00	A2-304	Miércoles	16576
2376	17:00:00	18:50:00	A4-101	Lunes	16577
2376	17:00:00	18:50:00	A2-204	Viernes	16578
2375	13:00:00	13:50:00	A2-304	Martes	16579
2375	13:00:00	14:50:00	A1-306	Viernes	16580
2377	07:00:00	08:50:00	A2-103	Lunes	16581
2377	11:00:00	11:50:00	A2-103	Jueves	16582
1121	08:00:00	12:50:00	\N	Lunes	16583
1121	08:00:00	12:50:00	\N	Martes	16584
1121	08:00:00	12:50:00	\N	Miércoles	16585
1121	08:00:00	12:50:00	\N	Jueves	16586
1121	08:00:00	12:50:00	\N	Viernes	16587
1121	14:00:00	16:50:00	\N	Lunes	16588
1121	14:00:00	16:50:00	\N	Martes	16589
1121	14:00:00	16:50:00	\N	Miércoles	16590
1121	14:00:00	16:50:00	\N	Jueves	16591
1121	14:00:00	16:50:00	\N	Viernes	16592
1604	10:00:00	11:50:00	A2-408	Viernes	16593
2218	07:00:00	08:50:00	A1-306	Viernes	16594
2218	14:00:00	14:50:00	A2-303	Miércoles	16595
2219	13:00:00	13:50:00	A2-303	Miércoles	16596
2219	13:00:00	14:50:00	A2-507	Jueves	16597
2493	15:00:00	16:50:00	A1-306	Lunes	16598
2493	15:00:00	16:50:00	LBIN1	Martes	16599
1856	07:00:00	07:50:00	A2-308	Miércoles	16600
1856	09:00:00	10:50:00	A2-406	Martes	16601
1048	13:00:00	14:50:00	LBIN1	Martes	16602
1048	18:00:00	18:50:00	LBIN1	Jueves	16603
2536	15:00:00	16:50:00	LBIN1	Viernes	16604
2536	17:00:00	17:50:00	A2-405	Martes	16605
1159	17:00:00	18:50:00	A2-204	Martes	16606
1159	18:00:00	18:50:00	A4-204	Jueves	16607
1550	07:00:00	08:50:00	A1-307	Viernes	16608
1550	13:00:00	13:50:00	A2-203	Miércoles	16609
2721	09:00:00	09:50:00	LBIN2	Lunes	16610
2721	13:00:00	14:50:00	LBIN2	Jueves	16611
2739	08:00:00	12:50:00	\N	Lunes	16612
2739	08:00:00	12:50:00	\N	Martes	16613
2739	08:00:00	12:50:00	\N	Miércoles	16614
2739	08:00:00	12:50:00	\N	Jueves	16615
2739	08:00:00	12:50:00	\N	Viernes	16616
2739	14:00:00	16:50:00	\N	Lunes	16617
2739	14:00:00	16:50:00	\N	Martes	16618
2739	14:00:00	16:50:00	\N	Miércoles	16619
2739	14:00:00	16:50:00	\N	Jueves	16620
2739	14:00:00	16:50:00	\N	Viernes	16621
2217	13:00:00	14:50:00	A2-501	Lunes	16622
2217	13:00:00	14:50:00	A2-501	Viernes	16623
1848	10:00:00	11:50:00	LBIN1	Jueves	16624
1848	13:00:00	13:50:00	LBIN1	Lunes	16625
2226	10:00:00	11:50:00	LBIN1	Lunes	16626
2226	13:00:00	13:50:00	LBIN1	Jueves	16627
2227	07:00:00	08:50:00	A4-101	Viernes	16628
2227	08:00:00	09:50:00	A2-407	Miércoles	16629
1014	07:00:00	08:50:00	A2-307	Jueves	16630
1014	14:00:00	14:50:00	A2-401	Lunes	16631
1009	10:00:00	11:50:00	LBIN2	Martes	16632
1009	10:00:00	11:50:00	LBIN2	Jueves	16633
1016	08:00:00	09:50:00	A2-504	Jueves	16634
1016	10:00:00	11:50:00	A2-504	Lunes	16635
1023	10:00:00	11:50:00	A2-304	Miércoles	16636
1023	11:00:00	12:50:00	A2-304	Viernes	16637
1108	09:00:00	10:50:00	A2-205	Martes	16638
1108	11:00:00	12:50:00	A2-205	Jueves	16639
1039	15:00:00	16:50:00	A2-205	Martes	16640
1039	15:00:00	16:50:00	A2-205	Viernes	16641
1049	17:00:00	18:50:00	A2-503	Viernes	16642
1049	18:00:00	19:50:00	A2-408	Martes	16643
1054	14:00:00	15:50:00	LBIN3	Lunes	16644
1054	14:00:00	14:50:00	LBIN3	Miércoles	16645
1065	09:00:00	09:50:00	LBIN3	Martes	16646
1065	14:00:00	15:50:00	LBIN3	Viernes	16647
1000	08:00:00	08:50:00	LBIN3	Viernes	16648
1000	13:00:00	14:50:00	LBIN3	Martes	16649
1003	07:00:00	08:50:00	LBIN3	Lunes	16650
1003	13:00:00	13:50:00	LBIN3	Viernes	16651
2537	09:00:00	10:50:00	A2-307	Martes	16652
2537	10:00:00	10:50:00	A2-204	Jueves	16653
2105	10:00:00	11:50:00	A2-406	Viernes	16654
2107	10:00:00	11:50:00	A2-501	Viernes	16655
1341	07:00:00	07:50:00	A2-502	Miércoles	16656
1341	10:00:00	11:50:00	A1-402	Jueves	16657
1433	07:00:00	07:50:00	A2-504	Miércoles	16658
1433	08:00:00	09:50:00	A1-402	Martes	16659
1436	10:00:00	11:50:00	A1-405	Martes	16660
1436	11:00:00	11:50:00	A4-203	Miércoles	16661
1440	11:00:00	11:50:00	A2-505	Martes	16662
1440	15:00:00	16:50:00	A1-404	Lunes	16663
1902	07:00:00	08:50:00	A1-403	Martes	16664
1902	16:00:00	16:50:00	A2-408	Miércoles	16665
1906	07:00:00	08:50:00	A1-405	Miércoles	16666
1906	09:00:00	09:50:00	A2-403	Viernes	16667
2108	18:00:00	19:50:00	A2-204	Lunes	16668
2108	19:00:00	19:50:00	A2-204	Jueves	16669
2111	17:00:00	17:50:00	A2-404	Martes	16670
2111	17:00:00	18:50:00	A2-404	Miércoles	16671
1809	08:00:00	09:50:00	A2-403	Miércoles	16672
1809	09:00:00	10:50:00	A2-206	Jueves	16673
1814	07:00:00	08:50:00	A4-204	Jueves	16674
1814	13:00:00	14:50:00	A4-101	Martes	16675
2438	07:00:00	08:50:00	A2-307	Martes	16676
2438	07:00:00	08:50:00	A2-307	Viernes	16677
2439	17:00:00	18:50:00	A2-302	Jueves	16678
2439	17:00:00	18:50:00	A1-308	Viernes	16679
2440	09:00:00	10:50:00	A2-406	Lunes	16680
2440	13:00:00	14:50:00	A2-403	Viernes	16681
2115	15:00:00	16:50:00	A2-206	Lunes	16682
2115	15:00:00	16:50:00	A2-206	Miércoles	16683
2472	17:00:00	18:50:00	A2-504	Viernes	16684
2472	18:00:00	19:50:00	A2-401	Martes	16685
2473	08:00:00	09:50:00	A2-502	Sábado	16686
2473	14:00:00	15:50:00	A2-406	Jueves	16687
1883	07:00:00	08:50:00	A3-204	Jueves	16688
1883	08:00:00	09:50:00	A3-202	Lunes	16689
1274	13:00:00	14:50:00	A3-103	Viernes	16690
1274	15:00:00	16:50:00	A3-203	Lunes	16691
2566	07:00:00	08:50:00	A3-104	Viernes	16692
2566	13:00:00	14:50:00	A2-206	Miércoles	16693
1267	17:00:00	18:50:00	A1-307	Lunes	16694
1267	18:00:00	18:50:00	A1-307	Jueves	16695
1268	18:00:00	18:50:00	LBIM8	Miércoles	16696
2720	19:00:00	19:50:00	LBIM8	Jueves	16697
1801	07:00:00	07:50:00	A4-202	Jueves	16698
1801	09:00:00	10:50:00	A1-306	Miércoles	16699
1503	17:00:00	18:50:00	A2-506	Viernes	16700
1503	18:00:00	18:50:00	A2-407	Martes	16701
2474	11:00:00	11:50:00	A1-308	Lunes	16702
2474	13:00:00	14:50:00	A4-201	Viernes	16703
1256	07:00:00	07:50:00	A2-506	Martes	16704
1256	12:00:00	13:50:00	A2-501	Jueves	16705
1882	08:00:00	09:50:00	A2-506	Martes	16706
1882	16:00:00	16:50:00	A2-301	Jueves	16707
1251	08:00:00	09:50:00	A2-204	Miércoles	16708
1251	08:00:00	09:50:00	A2-401	Viernes	16709
2103	13:00:00	13:50:00	A4-103	Lunes	16710
2103	13:00:00	14:50:00	A4-103	Miércoles	16711
1088	07:00:00	08:50:00	A2-405	Jueves	16712
1088	07:00:00	08:50:00	A2-405	Viernes	16713
2116	11:00:00	12:50:00	A2-206	Miércoles	16714
2116	12:00:00	12:50:00	A2-206	Lunes	16715
1351	13:00:00	14:50:00	A4-201	Martes	16716
1351	16:00:00	16:50:00	A2-504	Viernes	16717
2416	07:00:00	07:50:00	A3-203	Jueves	16718
2416	15:00:00	16:50:00	A4-201	Martes	16719
2417	15:00:00	15:50:00	LBIM12	Viernes	16720
2418	15:00:00	15:50:00	LBIM12	Miércoles	16721
2184	18:00:00	19:50:00	A2-308	Lunes	16722
2670	07:00:00	07:50:00	LBIM8	Miércoles	16723
2671	08:00:00	08:50:00	LBIM8	Miércoles	16724
1523	07:00:00	08:50:00	A1-304	Sábado	16725
1276	07:00:00	07:50:00	A2-305	Lunes	16726
1276	15:00:00	16:50:00	A2-305	Miércoles	16727
1277	09:00:00	09:50:00	A2-405	Jueves	16728
1277	15:00:00	16:50:00	A2-405	Martes	16729
1281	08:00:00	12:50:00	\N	Lunes	16730
1281	08:00:00	12:50:00	\N	Martes	16731
1281	08:00:00	12:50:00	\N	Miércoles	16732
1281	08:00:00	12:50:00	\N	Jueves	16733
1281	08:00:00	12:50:00	\N	Viernes	16734
1281	14:00:00	16:50:00	\N	Lunes	16735
1281	14:00:00	16:50:00	\N	Martes	16736
1281	14:00:00	16:50:00	\N	Miércoles	16737
1281	14:00:00	16:50:00	\N	Jueves	16738
1281	14:00:00	16:50:00	\N	Viernes	16739
2751	08:00:00	12:50:00	\N	Lunes	16740
2751	08:00:00	12:50:00	\N	Martes	16741
2751	08:00:00	12:50:00	\N	Miércoles	16742
2751	08:00:00	12:50:00	\N	Jueves	16743
2751	08:00:00	12:50:00	\N	Viernes	16744
2751	14:00:00	16:50:00	\N	Lunes	16745
2751	14:00:00	16:50:00	\N	Martes	16746
2751	14:00:00	16:50:00	\N	Miércoles	16747
2751	14:00:00	16:50:00	\N	Jueves	16748
2751	14:00:00	16:50:00	\N	Viernes	16749
1275	13:00:00	14:50:00	A3-103	Viernes	16750
1275	15:00:00	16:50:00	A3-203	Lunes	16751
1282	08:00:00	12:50:00	\N	Lunes	16752
1282	08:00:00	12:50:00	\N	Martes	16753
1282	08:00:00	12:50:00	\N	Miércoles	16754
1282	08:00:00	12:50:00	\N	Jueves	16755
1282	08:00:00	12:50:00	\N	Viernes	16756
1282	14:00:00	16:50:00	\N	Lunes	16757
1282	14:00:00	16:50:00	\N	Martes	16758
1282	14:00:00	16:50:00	\N	Miércoles	16759
1282	14:00:00	16:50:00	\N	Jueves	16760
1282	14:00:00	16:50:00	\N	Viernes	16761
2419	12:00:00	12:50:00	A2-501	Viernes	16762
2419	17:00:00	18:50:00	A2-501	Martes	16763
2421	10:00:00	11:50:00	A2-102	Miércoles	16764
2719	07:00:00	08:50:00	A2-102	Viernes	16765
2425	08:00:00	09:50:00	A2-302	Miércoles	16766
2425	13:00:00	14:50:00	A2-504	Lunes	16767
2429	15:00:00	16:50:00	A1-304	Lunes	16768
2429	15:00:00	16:50:00	A1-307	Jueves	16769
2434	11:00:00	12:50:00	A2-503	Miércoles	16770
2434	11:00:00	12:50:00	A2-505	Jueves	16771
2139	09:00:00	09:50:00	A2-502	Martes	16772
2139	15:00:00	16:50:00	A2-205	Lunes	16773
2171	13:00:00	13:50:00	A2-502	Martes	16774
2171	15:00:00	16:50:00	A1-304	Viernes	16775
1287	10:00:00	11:50:00	A2-306	Viernes	16776
1289	10:00:00	11:50:00	A2-504	Viernes	16777
1505	17:00:00	17:50:00	A1-308	Lunes	16778
1505	17:00:00	18:50:00	A1-308	Jueves	16779
2432	08:00:00	09:50:00	A2-503	Miércoles	16780
2432	08:00:00	09:50:00	A2-503	Jueves	16781
1301	17:00:00	17:50:00	A2-408	Miércoles	16782
1302	16:00:00	16:50:00	A2-102	Jueves	16783
2228	17:00:00	17:50:00	A2-206	Martes	16784
2229	15:00:00	15:50:00	A2-102	Jueves	16785
2430	07:00:00	07:50:00	A2-503	Jueves	16786
2430	15:00:00	16:50:00	A2-503	Martes	16787
1499	08:00:00	09:50:00	A2-305	Viernes	16788
1499	11:00:00	11:50:00	A2-407	Lunes	16789
2569	07:00:00	07:50:00	A4-204	Viernes	16790
2569	14:00:00	15:50:00	A2-408	Miércoles	16791
2738	08:00:00	12:50:00	\N	Lunes	16792
2738	08:00:00	12:50:00	\N	Martes	16793
2738	08:00:00	12:50:00	\N	Miércoles	16794
2738	08:00:00	12:50:00	\N	Jueves	16795
2738	08:00:00	12:50:00	\N	Viernes	16796
2738	14:00:00	16:50:00	\N	Lunes	16797
2738	14:00:00	16:50:00	\N	Martes	16798
2738	14:00:00	16:50:00	\N	Miércoles	16799
2738	14:00:00	16:50:00	\N	Jueves	16800
2738	14:00:00	16:50:00	\N	Viernes	16801
2435	08:00:00	12:50:00	\N	Lunes	16802
2435	08:00:00	12:50:00	\N	Martes	16803
2435	08:00:00	12:50:00	\N	Miércoles	16804
2435	08:00:00	12:50:00	\N	Jueves	16805
2435	08:00:00	12:50:00	\N	Viernes	16806
2435	14:00:00	16:50:00	\N	Lunes	16807
2435	14:00:00	16:50:00	\N	Martes	16808
2435	14:00:00	16:50:00	\N	Miércoles	16809
2435	14:00:00	16:50:00	\N	Jueves	16810
2435	14:00:00	16:50:00	\N	Viernes	16811
2499	07:00:00	07:50:00	A1-306	Martes	16812
2499	08:00:00	09:50:00	A2-406	Jueves	16813
2500	10:00:00	11:50:00	LBIC13	Lunes	16814
2502	07:00:00	08:50:00	A2-404	Miércoles	16815
2503	13:00:00	14:50:00	A2-107	Jueves	16816
1967	07:00:00	08:50:00	A4-102	Martes	16817
2504	17:00:00	18:50:00	A2-303	Jueves	16818
2505	10:00:00	11:50:00	LBIAMB	Martes	16819
1965	11:00:00	12:50:00	A2-404	Miércoles	16820
1965	12:00:00	12:50:00	A2-308	Lunes	16821
1966	10:00:00	11:50:00	LBIAMB	Jueves	16822
1971	08:00:00	09:50:00	A1-305	Miércoles	16823
1972	11:00:00	12:50:00	A1-405	Jueves	16824
2003	07:00:00	08:50:00	A2-206	Viernes	16825
2602	08:00:00	09:50:00	A1-403	Lunes	16826
1969	15:00:00	16:50:00	A3-202	Martes	16827
1970	12:00:00	13:50:00	A1-405	Viernes	16828
1975	14:00:00	15:50:00	A3-102	Martes	16829
1977	14:00:00	15:50:00	A1-407	Viernes	16830
1621	11:00:00	12:50:00	A2-404	Jueves	16831
1621	18:00:00	18:50:00	A1-308	Lunes	16832
2485	10:00:00	11:50:00	A2-301	Viernes	16833
2490	12:00:00	12:50:00	A1-305	Lunes	16834
2490	17:00:00	18:50:00	A5-203	Miércoles	16835
2501	08:00:00	09:50:00	A1-306	Martes	16836
2501	12:00:00	12:50:00	A1-306	Lunes	16837
2497	12:00:00	13:50:00	A3-203	Martes	16838
2498	13:00:00	14:50:00	LBIAMB	Miércoles	16839
2718	13:00:00	14:50:00	LBIAMB	Miércoles	16840
1973	09:00:00	11:50:00	A2-206	Martes	16841
1974	07:00:00	09:50:00	A5-203	Jueves	16842
2534	08:00:00	12:50:00	\N	Lunes	16843
2534	08:00:00	12:50:00	\N	Martes	16844
2534	08:00:00	12:50:00	\N	Miércoles	16845
2534	08:00:00	12:50:00	\N	Jueves	16846
2534	08:00:00	12:50:00	\N	Viernes	16847
2534	14:00:00	16:50:00	\N	Lunes	16848
2534	14:00:00	16:50:00	\N	Martes	16849
2534	14:00:00	16:50:00	\N	Miércoles	16850
2534	14:00:00	16:50:00	\N	Jueves	16851
2534	14:00:00	16:50:00	\N	Viernes	16852
2004	08:00:00	12:50:00	\N	Lunes	16853
2004	08:00:00	12:50:00	\N	Martes	16854
2004	08:00:00	12:50:00	\N	Miércoles	16855
2004	08:00:00	12:50:00	\N	Jueves	16856
2004	08:00:00	12:50:00	\N	Viernes	16857
2004	14:00:00	16:50:00	\N	Lunes	16858
2004	14:00:00	16:50:00	\N	Martes	16859
2004	14:00:00	16:50:00	\N	Miércoles	16860
2004	14:00:00	16:50:00	\N	Jueves	16861
2004	14:00:00	16:50:00	\N	Viernes	16862
1261	15:00:00	16:50:00	A2-201	Lunes	16863
1261	15:00:00	15:50:00	A2-201	Jueves	16864
1262	15:00:00	16:50:00	A2-305	Viernes	16865
2067	10:00:00	11:50:00	A2-403	Viernes	16866
1881	12:00:00	13:50:00	A1-407	Martes	16867
1095	16:00:00	17:50:00	A2-505	Jueves	16868
1095	17:00:00	18:50:00	A2-404	Lunes	16869
2703	15:00:00	16:50:00	A5-104	Miércoles	16870
1885	12:00:00	12:50:00	A1-308	Viernes	16871
1885	17:00:00	18:50:00	A1-308	Martes	16872
1253	11:00:00	12:50:00	A3-204	Lunes	16873
1253	11:00:00	11:50:00	A2-201	Miércoles	16874
1254	11:00:00	12:50:00	A5-204	Jueves	16875
1774	08:00:00	09:50:00	A2-104	Lunes	16876
1774	15:00:00	16:50:00	A2-304	Miércoles	16877
1775	08:00:00	09:50:00	A2-105	Martes	16878
1283	07:00:00	08:50:00	A2-304	Viernes	16879
1283	17:00:00	18:50:00	A3-104	Lunes	16880
1284	11:00:00	12:50:00	A1-403	Jueves	16881
1895	17:00:00	19:50:00	A2-201	Viernes	16882
1303	17:00:00	19:50:00	A4-201	Martes	16883
1547	08:00:00	12:50:00	\N	Lunes	16884
1547	08:00:00	12:50:00	\N	Martes	16885
1547	08:00:00	12:50:00	\N	Miércoles	16886
1547	08:00:00	12:50:00	\N	Jueves	16887
1547	08:00:00	12:50:00	\N	Viernes	16888
1547	14:00:00	16:50:00	\N	Lunes	16889
1547	14:00:00	16:50:00	\N	Martes	16890
1547	14:00:00	16:50:00	\N	Miércoles	16891
1547	14:00:00	16:50:00	\N	Jueves	16892
1547	14:00:00	16:50:00	\N	Viernes	16893
2577	08:00:00	09:50:00	A2-301	Jueves	16894
2577	15:00:00	15:50:00	A5-203	Lunes	16895
2305	17:00:00	17:50:00	A1-402	Miércoles	16896
2305	18:00:00	19:50:00	A1-405	Martes	16897
2714	08:00:00	09:50:00	A1-407	Sábado	16898
2714	17:00:00	17:50:00	A1-407	Miércoles	16899
2281	13:00:00	13:50:00	A2-306	Lunes	16900
2282	15:00:00	16:50:00	A1-405	Jueves	16901
2715	17:00:00	18:50:00	A1-407	Lunes	16902
2717	16:00:00	16:50:00	A1-407	Viernes	16903
2294	10:00:00	10:50:00	A1-401	Martes	16904
1033	13:00:00	13:50:00	A1-401	Lunes	16905
1034	07:00:00	08:50:00	A1-401	Jueves	16906
1187	15:00:00	15:50:00	A1-401	Viernes	16907
1188	13:00:00	14:50:00	A1-401	Martes	16908
2348	11:00:00	11:50:00	A1-401	Jueves	16909
2349	13:00:00	14:50:00	A1-401	Viernes	16910
1896	07:00:00	07:50:00	A1-304	Martes	16911
1897	09:00:00	10:50:00	A1-403	Viernes	16912
1126	10:00:00	11:50:00	A1-305	Viernes	16913
1426	10:00:00	11:50:00	A1-308	Viernes	16914
1428	10:00:00	11:50:00	A1-307	Viernes	16915
1917	10:00:00	11:50:00	A2-203	Viernes	16916
2014	08:00:00	09:50:00	A1-404	Lunes	16917
2014	13:00:00	13:50:00	A1-307	Martes	16918
2016	07:00:00	07:50:00	A1-307	Miércoles	16919
2016	13:00:00	14:50:00	A1-403	Viernes	16920
2085	07:00:00	08:50:00	A1-405	Jueves	16921
2085	07:00:00	07:50:00	A2-506	Viernes	16922
2106	09:00:00	09:50:00	A1-307	Jueves	16923
2106	15:00:00	16:50:00	A1-403	Miércoles	16924
2110	07:00:00	07:50:00	A2-504	Martes	16925
2110	13:00:00	14:50:00	A1-403	Lunes	16926
2137	07:00:00	08:50:00	A1-403	Viernes	16927
2137	11:00:00	11:50:00	A2-204	Miércoles	16928
2146	13:00:00	14:50:00	A1-403	Miércoles	16929
2146	16:00:00	16:50:00	A2-203	Jueves	16930
2148	07:00:00	08:50:00	A1-404	Viernes	16931
2148	11:00:00	11:50:00	A1-307	Miércoles	16932
1250	08:00:00	09:50:00	A3-201	Viernes	16933
1250	15:00:00	15:50:00	A3-104	Martes	16934
1486	11:00:00	11:50:00	A2-203	Miércoles	16935
1486	14:00:00	15:50:00	A1-405	Viernes	16936
1964	08:00:00	09:50:00	A1-402	Jueves	16937
1964	09:00:00	09:50:00	A2-408	Viernes	16938
1993	07:00:00	08:50:00	A1-403	Jueves	16939
1993	09:00:00	09:50:00	A2-301	Lunes	16940
2010	08:00:00	09:50:00	A1-405	Martes	16941
2010	14:00:00	14:50:00	A1-305	Miércoles	16942
2011	07:00:00	08:50:00	A1-405	Lunes	16943
2011	07:00:00	07:50:00	A4-101	Martes	16944
2013	09:00:00	09:50:00	A2-504	Miércoles	16945
2013	10:00:00	11:50:00	A1-403	Lunes	16946
1661	11:00:00	12:50:00	A1-403	Viernes	16947
1661	12:00:00	12:50:00	A2-301	Martes	16948
1684	14:00:00	15:50:00	A1-407	Lunes	16949
1684	17:00:00	17:50:00	A1-307	Jueves	16950
2725	10:00:00	11:50:00	A1-404	Sábado	16951
2725	12:00:00	12:50:00	A1-305	Miércoles	16952
2221	13:00:00	14:50:00	A1-401	Miércoles	16953
2221	16:00:00	16:50:00	A1-401	Jueves	16954
2236	07:00:00	07:50:00	A1-401	Lunes	16955
2236	08:00:00	09:50:00	A1-401	Viernes	16956
1590	17:00:00	18:50:00	A1-401	Miércoles	16957
1590	19:00:00	19:50:00	A1-401	Jueves	16958
1591	17:00:00	18:50:00	A1-401	Jueves	16959
1591	19:00:00	19:50:00	A1-401	Miércoles	16960
1021	13:00:00	13:50:00	A1-401	Jueves	16961
1021	15:00:00	16:50:00	A1-401	Martes	16962
1339	08:00:00	09:50:00	A2-303	Jueves	16963
1339	12:00:00	12:50:00	A1-308	Miércoles	16964
1404	08:00:00	08:50:00	A1-404	Miércoles	16965
1404	10:00:00	11:50:00	A1-407	Jueves	16966
1592	07:00:00	07:50:00	A1-404	Miércoles	16967
1592	07:00:00	08:50:00	A1-407	Viernes	16968
1111	18:00:00	19:50:00	A1-402	Jueves	16969
1111	19:00:00	19:50:00	A1-402	Miércoles	16970
1116	08:00:00	12:50:00	\N	Lunes	16971
1116	08:00:00	12:50:00	\N	Martes	16972
1116	08:00:00	12:50:00	\N	Miércoles	16973
1116	08:00:00	12:50:00	\N	Jueves	16974
1116	08:00:00	12:50:00	\N	Viernes	16975
1116	14:00:00	16:50:00	\N	Lunes	16976
1116	14:00:00	16:50:00	\N	Martes	16977
1116	14:00:00	16:50:00	\N	Miércoles	16978
1116	14:00:00	16:50:00	\N	Jueves	16979
1116	14:00:00	16:50:00	\N	Viernes	16980
2480	13:00:00	13:50:00	A2-405	Jueves	16981
2480	15:00:00	16:50:00	A2-405	Lunes	16982
2436	10:00:00	11:50:00	A2-503	Viernes	16983
2437	08:00:00	09:50:00	A2-308	Miércoles	16984
2437	10:00:00	11:50:00	A2-308	Jueves	16985
2483	18:00:00	19:50:00	A3-203	Martes	16986
2483	18:00:00	19:50:00	A2-403	Jueves	16987
2476	13:00:00	14:50:00	LBIM10	Miércoles	16988
2476	14:00:00	15:50:00	LBIM10	Lunes	16989
2475	17:00:00	18:50:00	A2-501	Jueves	16990
2475	18:00:00	19:50:00	A2-502	Martes	16991
2477	09:00:00	09:50:00	A2-305	Jueves	16992
2477	13:00:00	14:50:00	A2-205	Lunes	16993
2481	18:00:00	19:50:00	A2-301	Lunes	16994
2481	18:00:00	19:50:00	A1-305	Miércoles	16995
2538	14:00:00	14:50:00	LBIM10	Martes	16996
2538	15:00:00	16:50:00	LBIM10	Miércoles	16997
2260	13:00:00	14:50:00	LBIM10	Jueves	16998
2260	15:00:00	15:50:00	LBIM10	Martes	16999
2482	17:00:00	19:50:00	A2-406	Lunes	17000
2484	17:00:00	19:50:00	A2-405	Miércoles	17001
1702	08:00:00	12:50:00	\N	Lunes	17002
1702	08:00:00	12:50:00	\N	Martes	17003
1702	08:00:00	12:50:00	\N	Miércoles	17004
1702	08:00:00	12:50:00	\N	Jueves	17005
1702	08:00:00	12:50:00	\N	Viernes	17006
1702	14:00:00	16:50:00	\N	Lunes	17007
1702	14:00:00	16:50:00	\N	Martes	17008
1702	14:00:00	16:50:00	\N	Miércoles	17009
1702	14:00:00	16:50:00	\N	Jueves	17010
1702	14:00:00	16:50:00	\N	Viernes	17011
2749	07:00:00	15:50:00	\N	Sábado	17012
2749	07:00:00	15:50:00	\N	Sábado	17013
2749	07:00:00	15:50:00	\N	Sábado	17014
2749	07:00:00	15:50:00	\N	Sábado	17015
2749	07:00:00	15:50:00	\N	Sábado	17016
2749	07:00:00	15:50:00	\N	Sábado	17017
2749	07:00:00	15:50:00	\N	Sábado	17018
2749	07:00:00	15:50:00	\N	Sábado	17019
2749	07:00:00	15:50:00	\N	Sábado	17020
2749	07:00:00	15:50:00	\N	Sábado	17021
2749	20:00:00	21:50:00	\N	Viernes	17022
2749	20:00:00	21:50:00	\N	Viernes	17023
2749	20:00:00	21:50:00	\N	Viernes	17024
2749	20:00:00	21:50:00	\N	Viernes	17025
2749	20:00:00	21:50:00	\N	Viernes	17026
2749	20:00:00	21:50:00	\N	Viernes	17027
2749	20:00:00	21:50:00	\N	Viernes	17028
2749	20:00:00	21:50:00	\N	Viernes	17029
2749	20:00:00	21:50:00	\N	Viernes	17030
2749	20:00:00	21:50:00	\N	Viernes	17031
2740	19:00:00	22:00:00	\N	Lunes	17032
2740	19:00:00	22:00:00	\N	Miércoles	17033
2740	19:00:00	22:00:00	\N	Jueves	17034
2740	19:00:00	22:00:00	\N	Viernes	17035
2740	19:00:00	22:00:00	\N	Lunes	17036
2740	19:00:00	22:00:00	\N	Miércoles	17037
2740	19:00:00	22:00:00	\N	Jueves	17038
2740	19:00:00	22:00:00	\N	Viernes	17039
2740	19:00:00	22:00:00	\N	Lunes	17040
2740	19:00:00	22:00:00	\N	Miércoles	17041
2740	19:00:00	22:00:00	\N	Jueves	17042
2740	19:00:00	22:00:00	\N	Viernes	17043
2740	19:00:00	22:00:00	\N	Lunes	17044
2740	19:00:00	22:00:00	\N	Miércoles	17045
2740	19:00:00	22:00:00	\N	Jueves	17046
2740	19:00:00	22:00:00	\N	Viernes	17047
2740	19:00:00	22:00:00	\N	Lunes	17048
2740	19:00:00	22:00:00	\N	Miércoles	17049
2740	19:00:00	22:00:00	\N	Jueves	17050
2740	19:00:00	22:00:00	\N	Viernes	17051
2740	19:00:00	22:00:00	\N	Lunes	17052
2740	19:00:00	22:00:00	\N	Miércoles	17053
2740	19:00:00	22:00:00	\N	Jueves	17054
2740	19:00:00	22:00:00	\N	Viernes	17055
2740	19:00:00	22:00:00	\N	Lunes	17056
2740	19:00:00	22:00:00	\N	Miércoles	17057
2740	19:00:00	22:00:00	\N	Jueves	17058
2740	19:00:00	22:00:00	\N	Viernes	17059
2740	19:00:00	22:00:00	\N	Lunes	17060
2740	19:00:00	22:00:00	\N	Miércoles	17061
2750	07:00:00	12:50:00	\N	Sábado	17062
2750	07:00:00	12:50:00	\N	Sábado	17063
2750	07:00:00	12:50:00	\N	Sábado	17064
2750	07:00:00	12:50:00	\N	Sábado	17065
2750	07:00:00	12:50:00	\N	Sábado	17066
2750	07:00:00	12:50:00	\N	Sábado	17067
2750	07:00:00	12:50:00	\N	Sábado	17068
2750	07:00:00	12:50:00	\N	Sábado	17069
2750	07:00:00	12:50:00	\N	Sábado	17070
2750	19:00:00	21:50:00	\N	Viernes	17071
2750	19:00:00	21:50:00	\N	Viernes	17072
2750	19:00:00	21:50:00	\N	Viernes	17073
2750	19:00:00	21:50:00	\N	Viernes	17074
2750	19:00:00	21:50:00	\N	Viernes	17075
2750	19:00:00	21:50:00	\N	Viernes	17076
2750	19:00:00	21:50:00	\N	Viernes	17077
2750	19:00:00	21:50:00	\N	Viernes	17078
2750	19:00:00	21:50:00	\N	Viernes	17079
2742	18:00:00	21:00:00	\N	Miércoles	17080
2742	18:00:00	21:00:00	\N	Jueves	17081
2742	18:00:00	21:00:00	\N	Viernes	17082
2742	18:00:00	21:00:00	\N	Miércoles	17083
2742	18:00:00	21:00:00	\N	Jueves	17084
2742	18:00:00	21:00:00	\N	Viernes	17085
2742	18:00:00	21:00:00	\N	Miércoles	17086
2742	18:00:00	21:00:00	\N	Jueves	17087
2742	18:00:00	21:00:00	\N	Viernes	17088
2742	18:00:00	21:00:00	\N	Miércoles	17089
2742	18:00:00	21:00:00	\N	Jueves	17090
2742	18:00:00	21:00:00	\N	Viernes	17091
2742	18:00:00	21:00:00	\N	Miércoles	17092
2742	18:00:00	21:00:00	\N	Jueves	17093
2742	18:00:00	21:00:00	\N	Viernes	17094
2742	18:00:00	21:00:00	\N	Miércoles	17095
2742	18:00:00	21:00:00	\N	Jueves	17096
2742	18:00:00	21:00:00	\N	Viernes	17097
2742	18:00:00	21:00:00	\N	Miércoles	17098
2742	18:00:00	21:00:00	\N	Viernes	17099
2742	18:00:00	21:00:00	\N	Miércoles	17100
2742	18:00:00	21:00:00	\N	Miércoles	17101
2742	18:00:00	21:00:00	\N	Miércoles	17102
2742	18:00:00	21:00:00	\N	Miércoles	17103
2742	18:00:00	21:00:00	\N	Jueves	17104
2742	18:00:00	21:00:00	\N	Viernes	17105
2742	18:00:00	21:00:00	\N	Jueves	17106
2742	18:00:00	21:00:00	\N	Viernes	17107
2742	18:00:00	21:00:00	\N	Jueves	17108
2742	18:00:00	21:00:00	\N	Viernes	17109
1913	07:00:00	08:50:00	A2-203	Sábado	17110
1913	16:00:00	16:50:00	A5-203	Lunes	17111
1450	08:00:00	08:50:00	A1-307	Martes	17112
1450	10:00:00	11:50:00	A2-401	Sábado	17113
2168	17:00:00	18:50:00	A1-304	Viernes	17114
2168	18:00:00	18:50:00	A2-507	Miércoles	17115
1858	09:00:00	10:50:00	A2-204	Sábado	17116
1858	17:00:00	17:50:00	A1-304	Lunes	17117
2098	14:00:00	14:50:00	A2-303	Viernes	17118
2098	16:00:00	17:50:00	A2-504	Miércoles	17119
2191	07:00:00	07:50:00	A2-504	Viernes	17120
2191	10:00:00	11:50:00	A4-101	Jueves	17121
2387	07:00:00	08:50:00	A4-202	Martes	17122
2387	07:00:00	07:50:00	A4-202	Viernes	17123
2393	15:00:00	16:50:00	A2-408	Martes	17124
2393	15:00:00	15:50:00	A4-204	Jueves	17125
1587	14:00:00	15:50:00	A3-204	Lunes	17126
1587	16:00:00	16:50:00	A4-201	Viernes	17127
1980	11:00:00	12:50:00	A1-207	Lunes	17128
1980	13:00:00	13:50:00	A1-207	Jueves	17129
1538	10:00:00	11:50:00	A1-304	Jueves	17130
1539	10:00:00	10:50:00	A1-205	Martes	17131
1540	10:00:00	10:50:00	A1-205	Lunes	17132
1723	13:00:00	14:50:00	A4-102	Martes	17133
1725	08:00:00	08:50:00	A1-205	Lunes	17134
2661	17:00:00	18:50:00	A1-304	Viernes	17135
2661	18:00:00	18:50:00	A2-507	Miércoles	17136
1609	07:00:00	08:50:00	A5-203	Miércoles	17137
1609	11:00:00	11:50:00	A2-308	Sábado	17138
2035	07:00:00	07:50:00	A1-305	Viernes	17139
2035	15:00:00	16:50:00	A2-404	Miércoles	17140
2341	07:00:00	07:50:00	A4-102	Jueves	17141
2341	14:00:00	15:50:00	A4-204	Martes	17142
1982	08:00:00	12:50:00	\N	Lunes	17143
1982	08:00:00	12:50:00	\N	Martes	17144
1982	08:00:00	12:50:00	\N	Miércoles	17145
1982	08:00:00	12:50:00	\N	Jueves	17146
1982	08:00:00	12:50:00	\N	Viernes	17147
1982	14:00:00	16:50:00	\N	Lunes	17148
1982	14:00:00	16:50:00	\N	Martes	17149
1982	14:00:00	16:50:00	\N	Miércoles	17150
1982	14:00:00	16:50:00	\N	Jueves	17151
1982	14:00:00	16:50:00	\N	Viernes	17152
2165	07:00:00	08:50:00	A2-505	Martes	17153
2165	08:00:00	09:50:00	A2-501	Jueves	17154
2173	09:00:00	10:50:00	A2-207	Lunes	17155
2173	15:00:00	16:50:00	A4-102	Martes	17156
2732	14:00:00	15:50:00	A1-207	Miércoles	17157
1933	09:00:00	10:50:00	A2-308	Sábado	17158
1112	17:00:00	18:50:00	A4-103	Lunes	17159
1112	17:00:00	17:50:00	A2-301	Miércoles	17160
1662	09:00:00	10:50:00	A1-207	Martes	17161
1662	12:00:00	12:50:00	A1-207	Jueves	17162
2054	10:00:00	11:50:00	A1-307	Jueves	17163
2054	11:00:00	11:50:00	A4-201	Martes	17164
1601	08:00:00	09:50:00	A2-401	Sábado	17165
2667	08:00:00	08:50:00	A1-205	Viernes	17166
2668	10:00:00	10:50:00	A1-205	Viernes	17167
2378	13:00:00	13:50:00	A1-308	Jueves	17168
2378	14:00:00	15:50:00	A4-202	Miércoles	17169
2379	13:00:00	13:50:00	A2-204	Miércoles	17170
2379	14:00:00	15:50:00	A4-102	Lunes	17171
1607	15:00:00	16:50:00	A4-102	Jueves	17172
1607	17:00:00	17:50:00	A2-507	Miércoles	17173
1654	15:00:00	16:50:00	A1-207	Martes	17174
1654	17:00:00	17:50:00	A4-204	Jueves	17175
1638	11:00:00	12:50:00	A4-204	Jueves	17176
1639	14:00:00	14:50:00	A1-204	Martes	17177
1640	13:00:00	13:50:00	A1-204	Martes	17178
1641	16:00:00	16:50:00	A1-204	Miércoles	17179
1660	12:00:00	12:50:00	A1-304	Lunes	17180
1660	17:00:00	18:50:00	A1-305	Martes	17181
2350	14:00:00	15:50:00	A1-207	Viernes	17182
2350	16:00:00	16:50:00	A1-207	Lunes	17183
\.


--
-- Data for Name: curso; Type: TABLE DATA; Schema: public; Owner: postgres
--

COPY public.curso (nrc, tipo, codigomateria, profesorid, nrcteorico, groupid) FROM stdin;
1038	Teórico	AEMPG01A	T00084153	\N	1
1053	Teórico	AEMPG01A	T00084153	\N	1
1527	Teórico	AEMPG02A	T00051297	\N	1
1528	Teórico	AEMPG03A	T00000077	\N	1
1529	Teórico	AEMPG05A	T00084153	\N	1
1542	Teórico	AEMPG08A	T00051297	\N	1
1543	Teórico	AEMPG09A	T00014731	\N	1
1545	Teórico	AEMPG10A	T00036222	\N	1
1553	Teórico	AEMPG12A	T00051297	\N	1
1707	Teórico	AEMPG13A	T00051297	\N	1
1709	Teórico	AEMPG14A	T00051297	\N	1
1537	Teórico	AEMPM02A	T00036222	\N	1
1131	Teórico	AEMPO06A	T00019393	\N	1
1510	Teórico	AEMPO07A	T00053473	\N	1
1517	Teórico	AEMPO27A	T00013998	\N	1
1535	Teórico	AEMPR01A	T00026453	\N	1
1548	Teórico	AEMPR02A	T00026453	\N	1
1941	Teórico	ARQTH01A	T00053408	\N	1
1827	Teórico	ARQTH01A	T00084175	\N	1
1838	Teórico	ARQTH02A	T00030018	\N	1
1957	Teórico	ARQTH03A	T00069601	\N	1
1955	Teórico	ARQTH03A	T00069601	\N	1
2449	Teórico	ARQTH04A	T00085411	\N	1
2456	Teórico	ARQTH05A	T00030018	\N	1
2455	Teórico	ARQTH05A	T00030018	\N	1
2467	Teórico	ARQTH06A	T00030018	\N	1
1942	Teórico	ARQTT01A	T00031996	\N	1
1828	Teórico	ARQTT01A	T00031996	\N	1
1945	Teórico	ARQTT02A	T00084152	\N	1
2441	Teórico	ARQTT03A	T00031996	\N	1
2453	Teórico	ARQTT05A	T00018371	\N	1
2464	Teórico	ARQTT06A	T00053874	\N	1
1915	Teórico	ARQTT07A	T00081749	\N	1
1429	Teórico	ARQTT08A	T00081749	\N	1
1835	Teórico	ARQTU01A	T00069601	\N	1
2442	Teórico	ARQTU02A	T00003433	\N	1
2447	Teórico	ARQTU03A	T00012849	\N	1
2452	Teórico	ARQTU04A	T00079430	\N	1
2450	Teórico	ARQTU04A	T00079430	\N	1
1776	Teórico	ARQTU05A	T00037300	\N	1
2468	Teórico	ARQTU06A	T00037300	\N	1
1427	Teórico	ARQTU07A	T00069599	\N	1
2576	Teórico	ARQTU13A	T00069894	\N	1
2708	Teórico	CDATD02A	T00069449	\N	1
2547	Teórico	CPOLE12A	T00069328	\N	1
1722	Teórico	CPOLN05A	T00028062	\N	1
1729	Teórico	CPOLN07A	T00028062	\N	1
1738	Teórico	CPOLN12A	T00054682	\N	1
1746	Teórico	CPOLN13A	T00018350	\N	1
1493	Teórico	CPOLN14A	T00018350	\N	1
1743	Teórico	CPOLN15A	T00045007	\N	1
1720	Teórico	CPOLR02A	T00069328	\N	1
1726	Teórico	CPOLR05A	T00069328	\N	1
1741	Teórico	CPOLR08A	T00054682	\N	1
1716	Teórico	CPOLZ02A	T00054682	\N	1
2562	Teórico	CPOLZ03A	T00018350	\N	1
1730	Teórico	CPOLZ08A	T00022220	\N	1
1767	Teórico	CPOLZ09A	T00026139	\N	1
1717	Teórico	CPOLZ23A	T00028062	\N	1
1739	Teórico	CPOLZ25A	T00044092	\N	1
2396	Teórico	CBASB01A	T00079653	\N	1
1278	Teórico	CBASB04A	T00049553	\N	1
1316	Teórico	CBASE01A	T00046787	\N	1
1588	Teórico	CBASE01A	T00000055	\N	1
1854	Teórico	CBASE01A	T00070881	\N	1
2043	Teórico	CBASE01A	T00057400	\N	1
2199	Teórico	CBASE01A	T00070881	\N	1
1208	Teórico	CBASE01A	T00059640	\N	1
1616	Teórico	CBASE02A	T00070881	\N	1
1359	Teórico	CBASE02A	T00027016	\N	1
1634	Teórico	CBASE02A	T00057400	\N	1
2273	Teórico	CBASE03A	T00027016	\N	1
1086	Teórico	CBASE03A	T00027016	\N	1
1137	Teórico	CBASE03A	T00051137	\N	1
1615	Teórico	CBASE04A	T00070881	\N	1
1610	Teórico	CBASE04A	T00000055	\N	1
1358	Teórico	CBASE04A	T00027016	\N	1
1617	Teórico	CBASE04A	T00057400	\N	1
1622	Teórico	CBASE04A	T00006580	\N	1
1630	Teórico	CBASE04A	T00042477	\N	1
1633	Teórico	CBASE04A	T00057400	\N	1
1635	Teórico	CBASE04A	T00057400	\N	1
1399	Teórico	CBASF01A	T00000060	\N	2
1441	Teórico	CBASF01A	T00004376	\N	3
1919	Teórico	CBASF01A	T00000060	\N	4
1265	Teórico	CBASF02A	T00091818	\N	1
1007	Teórico	CBASF03A	T00019348	\N	1
2017	Teórico	CBASM01A	T00047939	\N	1
2038	Teórico	CBASM01A	T00024984	\N	1
2039	Teórico	CBASM01A	T00000402	\N	1
2022	Teórico	CBASM01A	T00001541	\N	1
1772	Teórico	CBASM02A	T00084203	\N	1
1786	Teórico	CBASM02A	T00047939	\N	1
1805	Teórico	CBASM02A	T00081920	\N	1
1830	Teórico	CBASM02A	T00031820	\N	1
1151	Teórico	CBASM03A	T00000064	\N	1
1174	Teórico	CBASM03A	T00053397	\N	2
1321	Teórico	CBASM03A	T00001541	\N	3
1237	Teórico	CBASM04A	T00010972	\N	1
1366	Teórico	CBASM04A	T00008170	\N	1
2064	Teórico	CBASM04A	T00079682	\N	1
2072	Teórico	CBASM04A	T00008170	\N	1
1554	Teórico	CBASM05A	T00055760	\N	1
1562	Teórico	CBASM05A	T00076408	\N	2
1580	Teórico	CBASM06A	T00000072	\N	1
1674	Teórico	CBASM06A	T00000072	\N	2
2392	Teórico	CBASM08A	T00055843	\N	1
2389	Teórico	CBASM08A	T00055843	\N	1
2390	Teórico	CBASM08A	T00055843	\N	1
1619	Teórico	CBASQ01A	T00026679	\N	1
1697	Teórico	CBASQ01A	T00020729	\N	2
1718	Teórico	CBASQ01A	T00084201	\N	3
1768	Teórico	CBASQ01A	T00091817	\N	4
2491	Teórico	CBASQ04A	T00000083	\N	1
1873	Teórico	CSOCB02A	T00011731	\N	1
1190	Teórico	CSOCB04A	T00091823	\N	1
2065	Teórico	CSOCB06A	T00000050	\N	1
1514	Teórico	CSOCE12A	T00055756	\N	1
2560	Teórico	CSOCE15A	T00000050	\N	1
2161	Teórico	CSOCE18A	T00091862	\N	1
1751	Teórico	CSOCF01A	T00040585	\N	1
1419	Teórico	CSOCG01A	T00000050	\N	1
2298	Teórico	CSOCG02A	T00000050	\N	1
2302	Teórico	CSOCG04A	T00011731	\N	1
2306	Teórico	CSOCG07A	T00021680	\N	1
1695	Teórico	CSOCM07A	T00040585	\N	1
2327	Teórico	CPULA02A	T00051377	\N	1
2338	Teórico	CPULA03A	T00051377	\N	1
1157	Teórico	CPULC01A	T00013958	\N	1
2055	Teórico	CPULC01A	T00051377	\N	1
2056	Teórico	CPULC01A	T00054899	\N	1
2559	Teórico	CPULC01A	T00013958	\N	1
2318	Teórico	CPULC02A	T00053472	\N	1
2319	Teórico	CPULC03A	T00053472	\N	1
2320	Teórico	CPULC04A	T00053472	\N	1
2325	Teórico	CPULG02A	T00000396	\N	1
2328	Teórico	CPULG03A	T00019859	\N	1
2339	Teórico	CPULG05A	T00054899	\N	1
1226	Teórico	CPULO02A	T00048543	\N	1
2330	Teórico	CPULT01A	T00013958	\N	1
2337	Teórico	CPULT02A	T00051377	\N	1
2315	Teórico	CPULT03A	T00035909	\N	1
2316	Teórico	CPULT03A	T00035909	\N	1
1089	Teórico	DCHOH02A	T00019336	\N	1
1467	Teórico	DCHOH03A	T00060590	\N	1
1460	Teórico	DCHOJ02A	T00076401	\N	1
1468	Teórico	DCHOJ03A	T00029769	\N	1
1168	Teórico	DCHOJ04A	T00055292	\N	1
1145	Teórico	DCHOJ05A	T00045108	\N	1
1252	Teórico	DCHOJ06A	T00000466	\N	1
1216	Teórico	DCHOJ07A	T00055292	\N	1
1223	Teórico	DCHOJ08A	T00048018	\N	1
1235	Teórico	DCHOJ09A	T00063451	\N	1
1658	Teórico	DCHOJ10A	T00048018	\N	1
1346	Teórico	DCHOJ11A	T00029769	\N	1
2193	Teórico	DCHOJ12A	T00048018	\N	1
1474	Teórico	DCHOJ13A	T00063451	\N	1
1475	Teórico	DCHOJ14A	T00060590	\N	1
1260	Teórico	DCHOJ15A	T00076401	\N	1
2196	Teórico	DCHOJ16A	T00069734	\N	1
1489	Teórico	DCHOJ17A	T00029769	\N	1
2194	Teórico	DCHOJ18A	T00052248	\N	1
2197	Teórico	DCHOJ19A	T00059702	\N	1
1219	Teórico	DCHOJ20A	T00060590	\N	1
1355	Teórico	DCHOJ21A	T00028735	\N	1
2206	Teórico	DCHOJ22A	T00069734	\N	1
2208	Teórico	DCHOJ23A	T00091822	\N	1
2207	Teórico	DCHOJ24A	T00063451	\N	1
2210	Teórico	DCHOJ25A	T00052248	\N	1
2203	Teórico	DCHOJ26A	T00028735	\N	1
2202	Teórico	DCHOJ27A	T00076377	\N	1
2212	Teórico	DCHOJ28A	T00059702	\N	1
2211	Teórico	DCHOJ29A	T00000466	\N	1
1732	Teórico	DCHOJ30A	T00055292	\N	1
2214	Teórico	DCHOJ31A	T00053262	\N	1
2215	Teórico	DCHOJ32A	T00076377	\N	1
1912	Teórico	DCHOJ34A	T00047950	\N	1
1886	Teórico	DCHOJ54A	T00091823	\N	1
2032	Teórico	DCHOJ65A	T00020837	\N	1
1150	Teórico	DCHOJ66A	T00020837	\N	1
2692	Teórico	DCHOJ67A	T00076377	\N	1
2201	Teórico	DCHOP01A	T00063148	\N	1
2213	Teórico	DCHOP02A	T00045108	\N	1
2220	Teórico	DCHOP03A	T00052248	\N	1
1391	Teórico	DCHOP04A	T00048018	\N	1
1914	Teórico	DCHOP05A	T00047950	\N	1
1070	Teórico	DCHOT01A	T00000466	\N	1
1464	Teórico	DCHOT02A	T00091822	\N	1
1165	Teórico	DCHOT03A	T00047950	\N	1
1446	Teórico	DISED01A	T00090593	\N	1
2255	Teórico	ECONC02A	T00020784	\N	1
2678	Teórico	ECONE01A	T00057359	\N	1
2239	Teórico	ECONH01A	T00000054	\N	1
1850	Teórico	ECONH02A	T00000054	\N	1
1857	Teórico	ECONI01A	T00000073	\N	1
2224	Teórico	ECONI01A	T00019865	\N	1
2232	Teórico	ECONI01A	T00000030	\N	1
2285	Teórico	ECONI01A	T00000073	\N	1
1083	Teórico	ECONI02A	T00019354	\N	1
1102	Teórico	ECONI02A	T00050996	\N	1
1869	Teórico	ECONI02A	T00046298	\N	1
2237	Teórico	ECONI03A	T00079679	\N	1
2691	Teórico	ECONI04A	T00057359	\N	1
1047	Teórico	ECONM01A	T00046298	\N	1
1413	Teórico	ECONM01A	T00050996	\N	1
2247	Teórico	ECONM03A	T00057359	\N	1
2693	Teórico	ECONM06A	T00017776	\N	1
2248	Teórico	ECONM08A	T00000044	\N	1
2679	Teórico	ECONM09A	T00057359	\N	1
2680	Teórico	ECONM11A	T00000073	\N	1
2303	Teórico	ECONM12A	T00029754	\N	1
2706	Teórico	ECONM12A	T00059557	\N	1
2257	Teórico	ECONP02A	T00000028	\N	1
1900	Teórico	ECONZ01A	T00000073	\N	1
1336	Teórico	FNEGF02A	T00079776	\N	1
1476	Teórico	FNEGF02A	T00079776	\N	1
1943	Teórico	FNEGF02A	T00050705	\N	1
2005	Teórico	FNEGF02A	T00079776	\N	1
2713	Teórico	FNEGF02A	T00091921	\N	1
1249	Teórico	FNEGF03A	T00050705	\N	1
1500	Teórico	FNEGF03A	T00042331	\N	1
2704	Teórico	FNEGF03A	T00091921	\N	1
1834	Teórico	FNEGF04A	T00053378	\N	1
1890	Teórico	FNEGF05A	T00020031	\N	1
1318	Teórico	FNEGF07A	T00079776	\N	1
1122	Teórico	FNEGN01A	T00000044	\N	1
2509	Teórico	FNEGN02A	T00053378	\N	1
2322	Teórico	FNEGN03A	T00053214	\N	1
2332	Teórico	FNEGN03A	T00000231	\N	1
2297	Teórico	FNEGN04A	T00000231	\N	1
1288	Teórico	FNEGN05A	T00053214	\N	1
1887	Teórico	FNEGN06A	T00059427	\N	1
1331	Teórico	FNEGN07A	T00031744	\N	1
1337	Teórico	FNEGN07A	T00031744	\N	1
2071	Teórico	FNEGN08A	T00031744	\N	1
2342	Teórico	FNEGN08A	T00031744	\N	1
1490	Teórico	FNEGN09A	T00049647	\N	1
2083	Teórico	FNEGO01A	T00059427	\N	1
2333	Teórico	FNEGZ11A	T00000231	\N	1
2164	Teórico	CHUMA01A	T00000076	\N	1
1507	Teórico	CHUMA02A	T00057328	\N	1
1508	Teórico	CHUMA02A	T00057328	\N	1
2162	Teórico	CHUMA07A	T00000076	\N	1
2163	Teórico	CHUMA07A	T00000076	\N	1
2521	Teórico	CHUMA11A	T00084147	\N	1
2359	Teórico	CHUMC03A	T00045007	\N	1
1929	Teórico	CHUMC08A	T00018431	\N	1
1930	Teórico	CHUMC08A	T00018431	\N	1
2383	Teórico	CHUMC12A	T00055242	\N	1
2182	Teórico	CHUMC17A	T00037236	\N	1
1396	Teórico	CHUMH01A	T00000029	\N	1
1398	Teórico	CHUMH01A	T00057189	\N	1
1409	Teórico	CHUMH01A	T00046610	\N	1
1415	Teórico	CHUMH01A	T00046610	\N	1
1420	Teórico	CHUMH01A	T00044983	\N	1
1424	Teórico	CHUMH01A	T00021724	\N	1
1788	Teórico	CHUMH01A	T00022220	\N	1
1790	Teórico	CHUMH01A	T00041842	\N	1
1357	Teórico	CHUMH01A	T00065546	\N	1
1798	Teórico	CHUMH01A	T00065546	\N	1
1799	Teórico	CHUMH01A	T00041842	\N	1
1837	Teórico	CHUMH01A	T00046610	\N	1
1360	Teórico	CHUMH01A	T00065546	\N	1
1364	Teórico	CHUMH01A	T00021724	\N	1
1367	Teórico	CHUMH01A	T00041283	\N	1
1369	Teórico	CHUMH01A	T00022220	\N	1
1370	Teórico	CHUMH01A	T00044983	\N	1
1392	Teórico	CHUMH01A	T00055748	\N	1
1456	Teórico	CHUMH02A	T00039565	\N	1
1804	Teórico	CHUMH02A	T00084206	\N	1
1938	Teórico	CHUMH02A	T00084206	\N	1
1077	Teórico	CHUMH02A	T00051173	\N	1
1113	Teórico	CHUMH02A	T00039565	\N	1
1196	Teórico	CHUMH02A	T00051173	\N	1
1245	Teórico	CHUMH02A	T00051174	\N	1
1290	Teórico	CHUMH02A	T00051173	\N	1
1285	Teórico	CHUMH03A	T00046694	\N	1
2343	Teórico	CHUMH03A	T00046694	\N	1
2357	Teórico	CHUMH03A	T00079657	\N	1
1388	Teórico	CHUMH03A	T00040544	\N	1
1412	Teórico	CHUMH03A	T00046694	\N	1
1701	Teórico	CHUMH03A	T00057707	\N	1
1787	Teórico	CHUMH03A	T00039407	\N	1
2066	Teórico	CHUMH03A	T00057707	\N	1
2101	Teórico	CHUMH03A	T00079657	\N	1
1066	Teórico	CHUMH04A	T00055694	\N	1
2093	Teórico	CHUMH04A	T00036808	\N	1
1072	Teórico	CHUMH04A	T00055694	\N	1
1078	Teórico	CHUMH04A	T00046694	\N	1
1084	Teórico	CHUMH04A	T00055694	\N	1
1925	Teórico	CHUMH04A	T00037236	\N	1
2088	Teórico	CHUMH04A	T00055694	\N	1
2090	Teórico	CHUMH04A	T00036808	\N	1
2091	Teórico	CHUMH04A	T00055694	\N	1
1911	Teórico	CHUMH05A	T00040544	\N	1
2222	Teórico	CHUMH05A	T00037236	\N	1
1363	Teórico	CHUMH05A	T00079583	\N	1
1365	Teórico	CHUMH05A	T00039407	\N	1
1371	Teórico	CHUMH05A	T00079583	\N	1
1374	Teórico	CHUMH05A	T00079583	\N	1
1375	Teórico	CHUMH05A	T00039407	\N	1
1482	Teórico	CHUMH05A	T00079583	\N	1
1485	Teórico	CHUMH05A	T00039407	\N	1
2571	Teórico	CHUML06A	T00059523	\N	1
2522	Teórico	CHUML06A	T00059523	\N	1
2052	Teórico	CHUML07A	T00059523	\N	1
1931	Teórico	CHUMS03A	T00076395	\N	1
1315	Teórico	CHUMS04A	T00076395	\N	1
1241	Teórico	CHUMV04A	T00037678	\N	1
1244	Teórico	CHUMV04A	T00037678	\N	1
2676	Teórico	CHULF01A	T00085422	\N	1
1155	Teórico	CHULI01A	T00019696	\N	1
1561	Teórico	CHULI01A	T00060662	\N	1
2585	Teórico	CHULI01A	T00081846	\N	1
2578	Teórico	CHULI01A	T00084198	\N	1
1851	Teórico	CHULI01A	T00026962	\N	1
1865	Teórico	CHULI01A	T00026962	\N	1
1868	Teórico	CHULI01A	T00066695	\N	1
2240	Teórico	CHULI01A	T00066695	\N	1
1338	Teórico	CHULI02A	T00057681	\N	1
1937	Teórico	CHULI02A	T00076572	\N	1
2195	Teórico	CHULI02A	T00076572	\N	1
1712	Teórico	CHULI02A	T00076572	\N	1
2586	Teórico	CHULI02A	T00048005	\N	1
2580	Teórico	CHULI02A	T00020734	\N	1
1795	Teórico	CHULI02A	T00026962	\N	1
2552	Teórico	CHULI02A	T00076572	\N	1
1166	Teórico	CHULI03A	T00057333	\N	1
1210	Teórico	CHULI03A	T00066804	\N	1
1224	Teórico	CHULI03A	T00057681	\N	1
1228	Teórico	CHULI03A	T00020741	\N	1
1231	Teórico	CHULI03A	T00014775	\N	1
1232	Teórico	CHULI03A	T00091816	\N	1
1167	Teórico	CHULI03A	T00063166	\N	1
1169	Teórico	CHULI03A	T00048005	\N	1
1172	Teórico	CHULI03A	T00081846	\N	1
1183	Teórico	CHULI03A	T00014095	\N	1
1189	Teórico	CHULI03A	T00066804	\N	1
1087	Teórico	CHULI04A	T00084177	\N	1
1129	Teórico	CHULI04A	T00084198	\N	1
1135	Teórico	CHULI04A	T00091816	\N	1
1139	Teórico	CHULI04A	T00048005	\N	1
1649	Teórico	CHULI04A	T00076574	\N	1
2151	Teórico	CHULI04A	T00000468	\N	1
1092	Teórico	CHULI04A	T00063166	\N	1
1117	Teórico	CHULI04A	T00091816	\N	1
1362	Teórico	CHULI05A	T00057694	\N	1
1796	Teórico	CHULI05A	T00081923	\N	1
2057	Teórico	CHULI05A	T00060662	\N	1
2087	Teórico	CHULI05A	T00000415	\N	1
2144	Teórico	CHULI05A	T00057694	\N	1
2515	Teórico	CHULI05A	T00084196	\N	1
2516	Teórico	CHULI05A	T00081923	\N	1
2587	Teórico	CHULI05A	T00063166	\N	1
1696	Teórico	CHULI05A	T00085422	\N	1
1703	Teórico	CHULI05A	T00070756	\N	1
1727	Teórico	CHULI05A	T00066695	\N	1
1731	Teórico	CHULI05A	T00066745	\N	1
1740	Teórico	CHULI05A	T00081846	\N	1
1748	Teórico	CHULI05A	T00000444	\N	1
2554	Teórico	CHULI05A	T00057694	\N	1
2551	Teórico	CHULI05A	T00047317	\N	1
2150	Teórico	IAMBA04A	T00037686	\N	1
1932	Teórico	IAMBA05A	T00066761	\N	1
1928	Teórico	IAMBA06A	T00057322	\N	1
1418	Teórico	IAMBA07A	T00054390	\N	1
1721	Teórico	IAMBA08A	T00066761	\N	1
2136	Teórico	IAMBA09A	T00057322	\N	1
1681	Teórico	IAMBA10A	T00059175	\N	1
1783	Teórico	IAMBA12A	T00069894	\N	1
1238	Teórico	IAMBA17A	T00069894	\N	1
1779	Teórico	IAMBA18A	T00040553	\N	1
1124	Teórico	IAMBB01A	T00066761	\N	1
1376	Teórico	IAMBB02A	T00020729	\N	1
1926	Teórico	IAMBB03A	T00020729	\N	1
1817	Teórico	IAMBP01A	T00057322	\N	1
1816	Teórico	IAMBP02A	T00057322	\N	1
2135	Teórico	IAMBZ04A	T00057322	\N	1
2156	Teórico	IAMBZ06A	T00040553	\N	1
1497	Teórico	ICIVA02A	T00059176	\N	1
1081	Teórico	ICIVA03A	T00044492	\N	1
1876	Teórico	ICIVA04A	T00081892	\N	1
1852	Teórico	ICIVA05A	T00051182	\N	1
1959	Teórico	ICIVA06A	T00084189	\N	1
1263	Teórico	ICIVA07A	T00031751	\N	1
2574	Teórico	ICIVA07A	T00053874	\N	1
1871	Teórico	ICIVA08A	T00035572	\N	1
2513	Teórico	ICIVA08A	T00035572	\N	1
1093	Teórico	ICIVA09A	T00022797	\N	1
1862	Teórico	ICIVA09A	T00022797	\N	1
1866	Teórico	ICIVA09A	T00022797	\N	1
1248	Teórico	ICIVA11A	T00037450	\N	1
1742	Teórico	ICIVA12A	T00059176	\N	1
1860	Teórico	ICIVA13A	T00076598	\N	1
1648	Teórico	ICIVA14A	T00037450	\N	1
2535	Teórico	ICIVA16A	T00051182	\N	1
1789	Teórico	ICIVA17A	T00022797	\N	1
2178	Teórico	ICIVA19A	T00018371	\N	1
2125	Teórico	ICIVA21A	T00018371	\N	1
2049	Teórico	ICIVA22A	T00044492	\N	1
1832	Teórico	ICIVB01A	T00031751	\N	1
1944	Teórico	ICIVB01A	T00053874	\N	1
1667	Teórico	ICIVB02A	T00051182	\N	1
1820	Teórico	ICIVB03A	T00040553	\N	1
2609	Teórico	ICIVB03A	T00040553	\N	2
1836	Teórico	ICIVB04A	T00084189	\N	1
2050	Teórico	ICIVB05A	T00044492	\N	1
1877	Teórico	ICIVZ03A	T00081892	\N	1
1264	Teórico	ICIVZ04A	T00031751	\N	1
1872	Teórico	ICIVZ08A	T00035572	\N	1
2514	Teórico	ICIVZ08A	T00035572	\N	1
1094	Teórico	ICIVZ09A	T00022797	\N	1
1863	Teórico	ICIVZ09A	T00022797	\N	1
2051	Teórico	ICIVZ10A	T00044492	\N	1
1999	Teórico	IELEC01A	T00000020	\N	1
2364	Teórico	IELEE01A	T00000018	\N	1
1991	Teórico	IELEE02A	T00000018	\N	1
1990	Teórico	IELEE03A	T00000063	\N	1
1995	Teórico	IELEE04A	T00043698	\N	1
1983	Teórico	IELEF01A	T00000049	\N	1
1699	Teórico	IELEF03A	T00000049	\N	1
1901	Teórico	IELEF03A	T00010734	\N	1
2006	Teórico	IELEF05A	T00000018	\N	1
2112	Teórico	IELEF07A	T00011527	\N	1
1996	Teórico	IELEP01A	T00043698	\N	1
2000	Teórico	IELEP02A	T00043698	\N	1
1994	Teórico	IELEW01A	T00024282	\N	1
1997	Teórico	IELEW02A	T00000063	\N	1
1998	Teórico	IELEW03A	T00024282	\N	1
2001	Teórico	IELEW04A	T00024282	\N	1
2365	Teórico	IELEZ02A	T00000018	\N	1
2414	Teórico	IETRC01A	T00000020	\N	1
2415	Teórico	IETRC01A	T00000068	\N	1
2374	Teórico	IETRC02A	T00000068	\N	1
1989	Teórico	IETRC03A	T00040950	\N	1
2431	Teórico	IETRC04A	T00009099	\N	1
1257	Teórico	IETRC05A	T00054349	\N	1
2371	Teórico	IETRD02A	T00011527	\N	1
1273	Teórico	IETRD03A	T00007608	\N	1
1571	Teórico	IETRD03A	T00007608	\N	1
1984	Teórico	IETRF01A	T00000049	\N	1
1308	Teórico	IETRF02A	T00045214	\N	1
1600	Teórico	IETRF02A	T00009099	\N	1
2253	Teórico	IETRF02A	T00035744	\N	1
2402	Teórico	IETRF03A	T00040950	\N	1
2410	Teórico	IETRF03A	T00040950	\N	2
2363	Teórico	IETRF04A	T00000049	\N	1
2007	Teórico	IETRM01A	T00001074	\N	1
2373	Teórico	IETRM02A	T00001074	\N	1
2376	Teórico	IETRM03A	T00001074	\N	1
2375	Teórico	IETRP01A	T00000049	\N	1
2377	Teórico	IETRP02A	T00000049	\N	1
1604	Teórico	IINDA01A	T00012602	\N	1
2218	Teórico	IINDA03A	T00007445	\N	1
2219	Teórico	IINDA03A	T00007445	\N	1
2493	Teórico	IINDA04A	T00001023	\N	1
1856	Teórico	IINDA06A	T00001023	\N	1
1048	Teórico	IINDA07A	T00000387	\N	1
2536	Teórico	IINDA08A	T00037779	\N	1
1159	Teórico	IINDA09A	T00019227	\N	1
1550	Teórico	IINDP01A	T00037937	\N	1
2721	Teórico	IINDP02A	T00037937	\N	1
2217	Teórico	IINDR01A	T00012602	\N	1
1848	Teórico	IINDR02A	T00014261	\N	1
2226	Teórico	IINDR02A	T00000067	\N	1
2227	Teórico	IINDR03A	T00060586	\N	1
1014	Teórico	IINDR04A	T00049413	\N	1
1016	Teórico	IINDR07A	T00000629	\N	1
1023	Teórico	IINDR08A	T00000106	\N	1
1108	Teórico	IINDR08A	T00000106	\N	1
1039	Teórico	IINDR09A	T00000629	\N	1
1049	Teórico	IINDR10A	T00037779	\N	1
1054	Teórico	IINDR11A	T00000629	\N	1
1065	Teórico	IINDR12A	T00049413	\N	1
1000	Teórico	IINDR13A	T00000055	\N	1
1003	Teórico	IINDR13A	T00000055	\N	1
2537	Teórico	IINDR20A	T00012602	\N	1
2105	Teórico	IMECB01A	T00010220	\N	1
2107	Teórico	IMECB01A	T00000059	\N	1
1341	Teórico	IMECD01A	T00033028	\N	1
1433	Teórico	IMECD01A	T00001359	\N	1
1436	Teórico	IMECD01A	T00033028	\N	1
1440	Teórico	IMECD01A	T00041054	\N	1
1902	Teórico	IMECD01A	T00045056	\N	1
1906	Teórico	IMECD01A	T00041054	\N	1
1809	Teórico	IMECD03A	T00000059	\N	1
1814	Teórico	IMECD03A	T00000059	\N	1
2438	Teórico	IMECD04A	T00000059	\N	1
2439	Teórico	IMECD04A	T00020488	\N	1
2440	Teórico	IMECD04A	T00000059	\N	1
2115	Teórico	IMECD05A	T00020488	\N	1
2472	Teórico	IMECD06A	T00012792	\N	1
2473	Teórico	IMECD06A	T00012792	\N	1
1883	Teórico	IMECD07A	T00021662	\N	1
1274	Teórico	IMECD08A	T00021662	\N	1
2566	Teórico	IMECD08A	T00021662	\N	1
1267	Teórico	IMECD09A	T00010797	\N	1
1801	Teórico	IMECD10A	T00001359	\N	1
1503	Teórico	IMECD11A	T00010797	\N	1
2474	Teórico	IMECF02A	T00020472	\N	1
1256	Teórico	IMECF03A	T00026655	\N	1
1882	Teórico	IMECF04A	T00007524	\N	1
1251	Teórico	IMECF05A	T00020472	\N	1
2103	Teórico	IMECF06A	T00026655	\N	1
1088	Teórico	IMECF07A	T00007524	\N	1
2116	Teórico	IMECM02A	T00080329	\N	1
1351	Teórico	IMECM03A	T00010220	\N	1
2416	Teórico	IMECM03A	T00047306	\N	2
2184	Teórico	IMECM04A	T00080329	\N	1
1523	Teórico	IMECM05A	T00045901	\N	1
1276	Teórico	IMECP01A	T00021662	\N	1
1277	Teórico	IMECP02A	T00021662	\N	1
1275	Teórico	IMECZ03A	T00021662	\N	1
2419	Teórico	IMTRA01A	T00045056	\N	1
2425	Teórico	IMTRA02A	T00024427	\N	1
2429	Teórico	IMTRA03A	T00064566	\N	1
2434	Teórico	IMTRA04A	T00041054	\N	1
2139	Teórico	IMTRA07A	T00016294	\N	1
2171	Teórico	IMTRA08A	T00045151	\N	1
1287	Teórico	IMTRB01A	T00016294	\N	1
1289	Teórico	IMTRB01A	T00035836	\N	1
1505	Teórico	IMTRC02A	T00022048	\N	1
2432	Teórico	IMTRD01A	T00064566	\N	1
1301	Teórico	IMTRM01A	T00035836	\N	1
2228	Teórico	IMTRM01A	T00035836	\N	2
2430	Teórico	IMTRP01A	T00064566	\N	1
1499	Teórico	IMTRP02A	T00064566	\N	1
2569	Teórico	IMTRP02A	T00064566	\N	1
2499	Teórico	IQUIA01A	T00085821	\N	1
2502	Teórico	IQUIA02A	T00057415	\N	1
1967	Teórico	IQUIA03A	T00057415	\N	1
2504	Teórico	IQUIA04A	T00050423	\N	1
1965	Teórico	IQUIA05A	T00050423	\N	1
1971	Teórico	IQUIA06A	T00085821	\N	1
2003	Teórico	IQUIA07A	T00085821	\N	1
1969	Teórico	IQUIA08A	T00085821	\N	1
1975	Teórico	IQUIA09A	T00057415	\N	1
1621	Teórico	IQUIA14A	T00050423	\N	1
2485	Teórico	IQUIB01A	T00028098	\N	1
2490	Teórico	IQUIB02A	T00054880	\N	1
2501	Teórico	IQUIB04A	T00085821	\N	1
2497	Teórico	IQUIB05A	T00054880	\N	1
1973	Teórico	IQUIP01A	T00028098	\N	1
1974	Teórico	IQUIP02A	T00028098	\N	1
1261	Teórico	IBIOB01A	T00042533	\N	1
2067	Teórico	IBIOF01A	T00034460	\N	1
1095	Teórico	IBIOF03A	T00042533	\N	1
1885	Teórico	IBIOF04A	T00091823	\N	1
1253	Teórico	IBIOF05A	T00035744	\N	1
1774	Teórico	IBIOI01A	T00000243	\N	1
1283	Teórico	IBIOM01A	T00024427	\N	1
1895	Teórico	IBIOP01A	T00045214	\N	1
1303	Teórico	IBIOP02A	T00034460	\N	1
2577	Teórico	IBIOP04A	T00045214	\N	1
2305	Teórico	ISCOA01A	T00009855	\N	1
2714	Teórico	ISCOA01A	T00084295	\N	1
2281	Teórico	ISCOA02A	T00008436	\N	1
2715	Teórico	ISCOA02A	T00010916	\N	2
2294	Teórico	ISCOA03A	T00000065	\N	1
1033	Teórico	ISCOA04A	T00010915	\N	1
1187	Teórico	ISCOA04A	T00010915	\N	2
2348	Teórico	ISCOA04A	T00010915	\N	3
1896	Teórico	ISCOA19A	T00000254	\N	1
1126	Teórico	ISCOC01A	T00021905	\N	1
1426	Teórico	ISCOC01A	T00000021	\N	1
1428	Teórico	ISCOC01A	T00000119	\N	1
1917	Teórico	ISCOC01A	T00000065	\N	1
2014	Teórico	ISCOC02A	T00080354	\N	1
2016	Teórico	ISCOC02A	T00021905	\N	1
2085	Teórico	ISCOC02A	T00012187	\N	1
2106	Teórico	ISCOC02A	T00021905	\N	1
2110	Teórico	ISCOC02A	T00066102	\N	1
2137	Teórico	ISCOC02A	T00000502	\N	1
2146	Teórico	ISCOC02A	T00000502	\N	1
2148	Teórico	ISCOC02A	T00021905	\N	1
1250	Teórico	ISCOC02A	T00010571	\N	1
1486	Teórico	ISCOC02A	T00021751	\N	1
1964	Teórico	ISCOC02A	T00021751	\N	1
1993	Teórico	ISCOC02A	T00066102	\N	1
2010	Teórico	ISCOC02A	T00021905	\N	1
2011	Teórico	ISCOC02A	T00084295	\N	1
2013	Teórico	ISCOC02A	T00021751	\N	1
1661	Teórico	ISCOC03A	T00008528	\N	1
1684	Teórico	ISCOC03A	T00008528	\N	1
2725	Teórico	ISCOC03A	T00060037	\N	1
2221	Teórico	ISCOC04A	T00008528	\N	1
2236	Teórico	ISCOC04A	T00012187	\N	1
1590	Teórico	ISCOC05A	T00013758	\N	1
1591	Teórico	ISCOC05A	T00013758	\N	1
1021	Teórico	ISCOC06A	T00080352	\N	1
1339	Teórico	ISCOC07A	T00019188	\N	1
1404	Teórico	ISCOC08A	T00000021	\N	1
1592	Teórico	ISCOC10A	T00000021	\N	1
1111	Teórico	ISCOC12A	T00076596	\N	1
2480	Teórico	INAVA01A	T00018922	\N	1
2436	Teórico	INAVB01A	T00018922	\N	1
2437	Teórico	INAVB02A	T00018922	\N	1
2483	Teórico	INAVC01A	T00021661	\N	1
2476	Teórico	INAVD02A	T00021661	\N	1
2475	Teórico	INAVD03A	T00060663	\N	1
2477	Teórico	INAVD05A	T00018922	\N	1
2481	Teórico	INAVD06A	T00081976	\N	1
2538	Teórico	INAVE01A	T00021661	\N	1
2260	Teórico	INAVE02A	T00060663	\N	1
2482	Teórico	INAVP01A	T00018922	\N	1
2484	Teórico	INAVP02A	T00018922	\N	1
2749	Teórico	OPGRSP011	T00000044	\N	1
2740	Teórico	OPGRSP06	T00018269	\N	1
2750	Teórico	OPGRSP08	T00007962	\N	1
2742	Teórico	OPGRSP24	T00007989	\N	1
1913	Teórico	PSICA05A	T00044983	\N	1
1450	Teórico	PSICA07A	T00013153	\N	1
2168	Teórico	PSICA12A	T00008759	\N	1
1858	Teórico	PSICA16A	T00044983	\N	1
2098	Teórico	PSICA20A	T00000431	\N	1
2191	Teórico	PSICA22A	T00020361	\N	1
2387	Teórico	PSICB01A	T00084208	\N	1
2393	Teórico	PSICB04A	T00040584	\N	1
1587	Teórico	PSICC01A	T00022062	\N	1
1980	Teórico	PSICE07A	T00019649	\N	1
1538	Teórico	PSICG01A	T00019649	\N	1
1723	Teórico	PSICG01A	T00019649	\N	2
2661	Teórico	PSICI02A	T00008759	\N	1
1609	Teórico	PSICM04A	T00054928	\N	1
2035	Teórico	PSICM05A	T00052721	\N	1
2341	Teórico	PSICM05A	T00052721	\N	1
2165	Teórico	PSICR01A	T00020361	\N	1
2173	Teórico	PSICR01A	T00091859	\N	1
2732	Teórico	PSICR02A	T00011744	\N	1
1933	Teórico	PSICR03A	T00054928	\N	1
1112	Teórico	PSICS07A	T00008759	\N	1
1662	Teórico	PSICS13A	T00091859	\N	1
2054	Teórico	PSICS13A	T00091859	\N	1
1601	Teórico	PSICS14A	T00084208	\N	1
2378	Teórico	PSICS15A	T00000485	\N	1
2379	Teórico	PSICS15A	T00000485	\N	1
1607	Teórico	PSICS16A	T00000485	\N	1
1654	Teórico	PSICS18A	T00079469	\N	1
1638	Teórico	PSICS19A	T00055793	\N	1
1660	Teórico	PSICS20A	T00012447	\N	1
2350	Teórico	PSICS21A	T00022062	\N	1
1541	Laboratorio	AEMPG07A	T00014030	\N	1
1704	Laboratorio	AEMPP01A	T00000028	\N	1
1708	Laboratorio	AEMPP02A	T00049647	\N	1
2722	Laboratorio	AEMPP03A	T00036222	\N	1
1812	Laboratorio	ARQTD01A	T00090593	\N	1
1839	Laboratorio	ARQTD02A	T00066757	\N	1
2160	Laboratorio	ARQTD03A	T00012849	\N	1
2445	Laboratorio	ARQTD04A	T00081909	\N	1
2444	Laboratorio	ARQTD04A	T00079454	\N	1
2460	Laboratorio	ARQTD05A	T00079453	\N	1
2470	Laboratorio	ARQTD07A	T00069599	\N	1
2469	Laboratorio	ARQTD07A	T00037300	\N	1
1431	Laboratorio	ARQTD08A	T00085411	\N	1
1683	Laboratorio	ARQTE01A	T00084175	\N	1
1803	Laboratorio	ARQTE01A	T00084175	\N	1
1833	Laboratorio	ARQTE02A	T00069980	\N	1
1849	Laboratorio	ARQTE03A	T00001359	\N	1
1847	Laboratorio	ARQTE03A	T00001359	\N	1
1954	Laboratorio	ARQTE03A	T00001359	\N	1
2448	Laboratorio	ARQTE04A	T00021323	\N	1
2457	Laboratorio	ARQTE05A	T00024471	\N	1
2459	Laboratorio	ARQTE05A	T00021323	\N	1
2526	Laboratorio	ARQTE07A	T00069599	\N	1
1439	Laboratorio	ARQTH07A	T00085411	\N	1
2528	Laboratorio	ARQTT12A	T00084152	\N	1
1448	Laboratorio	CDATD01A	T00069449	\N	1
1688	Laboratorio	CPOLN16A	T00026139	\N	1
1737	Laboratorio	CPOLP02A	T00044092	\N	1
1733	Laboratorio	CPOLP03A	T00018350	\N	1
1506	Laboratorio	CPOLP06A	T00018350	\N	1
1279	Laboratorio	CBASB04A	T00049553	1278	1
1400	Laboratorio	CBASF01A	T00045061	1399	2
2633	Laboratorio	CBASF01A	T00045061	1399	2
2637	Laboratorio	CBASF01A	T00045061	1441	3
1920	Laboratorio	CBASF01A	T00045030	1919	4
1266	Laboratorio	CBASF02A	T00091818	1265	1
2646	Laboratorio	CBASF02A	T00091818	1265	1
1008	Laboratorio	CBASF03A	T00050423	1007	1
2653	Laboratorio	CBASF03A	T00050423	1007	1
1152	Laboratorio	CBASM03A	T00000064	1151	1
1154	Laboratorio	CBASM03A	T00000064	1151	1
1175	Laboratorio	CBASM03A	T00057306	1174	2
1177	Laboratorio	CBASM03A	T00053397	1174	2
1178	Laboratorio	CBASM03A	T00084202	1174	2
1179	Laboratorio	CBASM03A	T00053397	1174	2
1322	Laboratorio	CBASM03A	T00008170	1321	3
1325	Laboratorio	CBASM03A	T00008170	1321	3
1327	Laboratorio	CBASM03A	T00057306	1321	3
1559	Laboratorio	CBASM05A	T00059423	1554	1
1565	Laboratorio	CBASM05A	T00076408	1562	2
1566	Laboratorio	CBASM05A	T00084202	1562	2
1568	Laboratorio	CBASM05A	T00076408	1562	2
1583	Laboratorio	CBASM06A	T00000072	1580	1
2683	Laboratorio	CBASM06A	T00024984	1580	1
2684	Laboratorio	CBASM06A	T00059423	1580	1
1675	Laboratorio	CBASM06A	T00059426	1674	2
1676	Laboratorio	CBASM06A	T00000072	1674	2
2629	Laboratorio	CBASQ01A	T00091817	1619	1
2619	Laboratorio	CBASQ01A	T00054390	1697	2
2622	Laboratorio	CBASQ01A	T00054390	1718	3
1769	Laboratorio	CBASQ01A	T00091817	1768	4
2492	Laboratorio	CBASQ04A	T00000083	2491	1
1573	Laboratorio	CSOCB03A	T00021680	\N	1
1218	Laboratorio	CSOCB05A	T00022976	\N	1
2666	Laboratorio	CSOCG03A	T00051306	\N	1
2310	Laboratorio	CSOCG08A	T00055756	\N	1
2549	Laboratorio	CSOCG08A	T00055756	\N	1
1874	Laboratorio	CSOCL01A	T00014135	\N	1
1749	Laboratorio	CSOCM01A	T00091862	\N	1
1037	Laboratorio	CSOCM02A	T00081960	\N	1
1875	Laboratorio	CSOCM03A	T00000050	\N	1
2561	Laboratorio	CSOCM03A	T00000050	\N	1
2070	Laboratorio	CSOCM04A	T00084210	\N	1
2068	Laboratorio	CSOCM05A	T00051306	\N	1
1286	Laboratorio	CSOCM06A	T00081960	\N	1
1230	Laboratorio	CSOCP01A	T00022976	\N	1
2296	Laboratorio	CSOCP03A	T00021680	\N	1
2311	Laboratorio	CSOCP04A	T00081960	\N	1
2053	Laboratorio	CSOCT01A	T00040585	\N	1
1191	Laboratorio	CSOCT03A	T00084210	\N	1
1672	Laboratorio	CSOCT05A	T00084210	\N	1
1457	Laboratorio	CSOCT05A	T00084210	\N	1
1445	Laboratorio	CSOCT06A	T00034995	\N	1
2324	Laboratorio	CPULA01A	T00039722	\N	1
2233	Laboratorio	CPULC05A	T00039722	\N	1
2331	Laboratorio	CPULG04A	T00039722	\N	1
2340	Laboratorio	CPULP01A	T00000028	\N	1
2334	Laboratorio	CPULP02A	T00049647	\N	1
1643	Laboratorio	CPULP03A	T00036222	\N	1
2256	Laboratorio	ECONC02A	T00020784	2255	1
2242	Laboratorio	ECONI05A	T00019354	\N	1
2258	Laboratorio	ECONP03A	T00049647	\N	1
2263	Laboratorio	ECONP04A	T00057359	\N	1
1952	Laboratorio	ECOUU01A	T00019234	\N	1
1892	Laboratorio	FNEGF05A	T00020031	1890	1
2118	Laboratorio	FNEGP01A	T00000028	\N	1
2092	Laboratorio	FNEGP02A	T00049647	\N	1
1125	Laboratorio	IAMBB01A	T00066761	1124	1
1377	Laboratorio	IAMBB02A	T00020729	1376	1
1927	Laboratorio	IAMBB03A	T00020729	1926	1
2362	Laboratorio	IAMBP03A	T00044492	\N	1
1960	Laboratorio	ICIVA06A	T00084189	1959	1
1669	Laboratorio	ICIVB02A	T00051182	1667	1
1821	Laboratorio	ICIVB03A	T00040553	1820	1
1822	Laboratorio	ICIVB03A	T00040553	1820	1
2610	Laboratorio	ICIVB03A	T00040553	2609	2
2611	Laboratorio	ICIVB03A	T00040553	2609	2
2733	Laboratorio	ICIVP03A	T00044492	\N	1
1397	Laboratorio	ICIVP03A	T00053361	\N	1
2748	Laboratorio	ICIVP03A	T00022797	\N	1
2366	Laboratorio	IELEE01A	T00000018	2364	1
2368	Laboratorio	IELEE01A	T00000018	2364	1
1992	Laboratorio	IELEE02A	T00000018	1991	1
2695	Laboratorio	IELEE04A	T00043698	1995	1
2369	Laboratorio	IELEZ02A	T00000018	2365	1
1118	Laboratorio	IELEZ03A	T00000057	\N	1
1258	Laboratorio	IETRC05A	T00041054	1257	1
2614	Laboratorio	IETRC05A	T00041054	1257	1
1121	Laboratorio	IETRZ04A	T00000057	\N	1
2739	Laboratorio	IINDP03A	T00010109	\N	1
1009	Laboratorio	IINDR05A	T00007445	\N	1
2108	Laboratorio	IMECD02A	T00022048	\N	1
2111	Laboratorio	IMECD02A	T00033602	\N	1
1268	Laboratorio	IMECD09A	T00010797	1267	1
2720	Laboratorio	IMECD09A	T00010797	1267	1
2417	Laboratorio	IMECM03A	T00010220	2416	2
2418	Laboratorio	IMECM03A	T00010220	2416	2
2670	Laboratorio	IMECM04A	T00080329	2184	1
2671	Laboratorio	IMECM04A	T00080329	2184	1
1281	Laboratorio	IMECP03A	T00032651	\N	1
2751	Laboratorio	IMECP03A	T00069460	\N	1
1282	Laboratorio	IMECZ04A	T00032651	\N	1
2421	Laboratorio	IMTRA01A	T00045056	2419	1
2719	Laboratorio	IMTRA01A	T00045056	2419	1
1302	Laboratorio	IMTRM01A	T00035836	1301	1
2229	Laboratorio	IMTRM01A	T00035836	2228	2
2738	Laboratorio	IMTRP03A	T00069460	\N	1
2435	Laboratorio	IMTRP03A	T00007524	\N	1
2500	Laboratorio	IQUIA01A	T00085821	2499	1
2503	Laboratorio	IQUIA02A	T00057415	2502	1
2505	Laboratorio	IQUIA04A	T00054880	2504	1
1966	Laboratorio	IQUIA05A	T00054880	1965	1
1972	Laboratorio	IQUIA06A	T00085821	1971	1
2602	Laboratorio	IQUIA07A	T00085821	2003	1
1970	Laboratorio	IQUIA08A	T00085821	1969	1
1977	Laboratorio	IQUIA09A	T00057415	1975	1
2498	Laboratorio	IQUIB05A	T00054880	2497	1
2718	Laboratorio	IQUIB05A	T00054880	2497	1
2534	Laboratorio	IQUIP03A	T00028098	\N	1
2004	Laboratorio	IQUIZ19A	T00028098	\N	1
1262	Laboratorio	IBIOB01A	T00042533	1261	1
1881	Laboratorio	IBIOF02A	T00060037	\N	1
2703	Laboratorio	IBIOF03A	T00042533	1095	1
1254	Laboratorio	IBIOF05A	T00060037	1253	1
1775	Laboratorio	IBIOI01A	T00000243	1774	1
1284	Laboratorio	IBIOM01A	T00045214	1283	1
1547	Laboratorio	IBIOP03A	T00034460	\N	1
2282	Laboratorio	ISCOA02A	T00008436	2281	1
2717	Laboratorio	ISCOA02A	T00010916	2715	2
1034	Laboratorio	ISCOA04A	T00010915	1033	1
1188	Laboratorio	ISCOA04A	T00010915	1187	2
2349	Laboratorio	ISCOA04A	T00010915	2348	3
1897	Laboratorio	ISCOA19A	T00000254	1896	1
1116	Laboratorio	ISCOP03A	T00000119	\N	1
1702	Laboratorio	INAVP03A	T00021661	\N	1
1539	Laboratorio	PSICG01A	T00019649	1538	1
1540	Laboratorio	PSICG01A	T00019649	1538	1
1725	Laboratorio	PSICG01A	T00019649	1723	2
1982	Laboratorio	PSICP02A	\N	\N	1
2667	Laboratorio	PSICS14A	T00084208	1601	1
2668	Laboratorio	PSICS14A	T00084208	1601	1
1639	Laboratorio	PSICS19A	T00055793	1638	1
1640	Laboratorio	PSICS19A	T00055793	1638	1
1641	Laboratorio	PSICS19A	T00055793	1638	1
\.


--
-- Data for Name: materia; Type: TABLE DATA; Schema: public; Owner: postgres
--

COPY public.materia (codigomateria, creditos, nombre) FROM stdin;
AEMPG01A	3	Fundamentos De Administracion
AEMPG02A	1	Seminario Gerencial I
AEMPG03A	3	Historia Empresarial
AEMPG05A	3	Organizaciones I
AEMPG07A	3	Direccion Estrategica
AEMPG08A	1	Seminario Gerencial Ii
AEMPG09A	3	Responsabilidad Social
AEMPG10A	3	Gestion Del Talento Humano
AEMPG12A	2	Consultoria Empresarial
AEMPG13A	1	Seminario Gerencial Iii
AEMPG14A	2	Juego Gerencial
AEMPM02A	3	Investigacion De Mercados
AEMPO06A	3	Negocios Inclusivos
AEMPO07A	3	Empresas Sostenibles
AEMPO27A	3	Skills For Digital Transformation 4.0
AEMPP01A	2	Opcion De Grado
AEMPP02A	0	Seminario Integrador Fen
AEMPP03A	9	Práctica Profesional
AEMPR01A	3	Calidad Y Operaciones
AEMPR02A	3	Gestion De Procesos Y Tecnolog
ARQTD01A	6	Taller De Diseño I
ARQTD02A	6	Taller De Diseño Ii
ARQTD03A	6	Taller De Diseño Iii (manga-ternera)
ARQTD04A	6	Taller De Diseño Iv
ARQTD05A	6	Taller De Diseño V
ARQTD07A	6	Taller De Diseño Vii
ARQTD08A	6	Taller De Diseño Viii
ARQTE01A	2	Expresión Grafica I
ARQTE02A	2	Expresión Grafica Ii
ARQTE03A	2	Expresión Grafica Iii
ARQTE04A	2	Expresión Gráfica Iv
ARQTE05A	2	Expresión Gráfica V
ARQTE07A	3	Photoshop Para Arquitectos
ARQTH01A	2	Teoria E Historia I
ARQTH02A	2	Teoria E Historia Ii
ARQTH03A	2	Teoria E Historia Iii
ARQTH04A	2	Teoria E Historia Iv
ARQTH05A	2	Teoria E Historia V
ARQTH06A	2	Teoria E Historia Vi
ARQTH07A	2	Teoría E Historia Vii
ARQTT01A	2	Tecnología I
ARQTT02A	2	Tecnología Ii
ARQTT03A	3	Tecnología Iii
ARQTT05A	3	Tecnologia V
ARQTT06A	3	Tecnología Vi
ARQTT07A	2	Tecnologia Vii
ARQTT08A	3	Tecnologia Viii
ARQTT12A	3	Diseño Estructuras Par Arqui (manga-ternera)
ARQTU01A	2	Urbanismo Y Ambiente I
ARQTU02A	2	Urbanismo Y Ambiente Ii (manga-ternera)
ARQTU03A	2	Urbanismo Y Ambiente Iii
ARQTU04A	2	Urbanismo Y Ambiente Iv
ARQTU05A	2	Urbanismo Y Ambiente V
ARQTU06A	3	Urbanismo Y Ambiente Vi
ARQTU07A	2	Urbanismo Y Ambiente Vii
ARQTU13A	3	Cátedra Cartagena
CDATD01A	2	Introducción A La Ciencia De Datos Introducción A La Ciencia De Datos
CDATD02A	3	Programación Para Ciencia De Datos Programación Para Ciencia De Datos
CPOLE12A	3	Seguridad Internacional Y Conf
CPOLN05A	3	Filosofía Política
CPOLN07A	3	Teo De La Democracia Y Desarro
CPOLN12A	3	Cult Y Comport Polít En El Car
CPOLN13A	3	Ana D Conflicto Y Proce De Paz
CPOLN14A	3	Política Comparada
CPOLN15A	3	Partidos Políticos Y Sist Elec
CPOLN16A	3	Form De Proy Para El Desarroll
CPOLP02A	3	Inv. Cuanti En Ciencia Politic
CPOLP03A	3	Inv. Cuali En Ciencia Politic
CPOLP06A	9	Práctica Profesionales
CPOLR02A	3	Sistema Político Internacional
CPOLR05A	2	Herramientas De Política Inter
CPOLR08A	3	Análisis De Política Internaci
CPOLZ02A	3	Cons Y Sist Politico Colombian
CPOLZ03A	3	Politica Colombiana Siglo Xix
CPOLZ08A	3	Estado, Poder Y Derecho
CPOLZ09A	3	Investigacion Mixta Aplicada
CPOLZ23A	4	Historia De Las Ideas Política
CPOLZ25A	3	Ana Y Dis De Políticas Pública
CBASB01A	2	Biología Humana
CBASB04A	3	Biología Molecular
CBASE01A	3	Estadística Y Probabilidad
CBASE02A	3	Estadística Inferencial
CBASE03A	3	Estadística I (facultad Ciencias Sociales Y Humanidades)
CBASE04A	3	Estadística Ii (facultad Ciencias Sociales Y Humanidades)
CBASF01A	4	Física Mecánica
CBASF02A	4	Física Electricidad Y Magnetismo
CBASF03A	4	Física Calor Y Ondas
CBASM01A	4	Cálculo Diferencial
CBASM02A	2	Matemáticas Básicas
CBASM03A	4	Cálculo Integral
CBASM04A	3	Algebra Lineal
CBASM05A	4	Cálculo Vectorial
CBASM06A	4	Ecuaciones Diferenciales Y En Diferencia
CBASM08A	2	Matemática Para Ciencias Sociales
CBASQ01A	3	Química General
CBASQ04A	3	Análisis Químico E Instrumenta
CSOCB02A	3	Teoría De La Comunicación
CSOCB03A	3	Sociología De La Comunicación
CSOCB04A	2	Legislación De Medios
CSOCB05A	2	Semiótica
CSOCB06A	2	Opinión Pública
CSOCE12A	3	Redes Sociales Y Comunica Poli
CSOCE15A	3	Manejo De Fuentes
CSOCE18A	3	Presentación En Tv Y Plataformas Digitales
CSOCF01A	2	Historia Contemporánea
CSOCG01A	3	Comunicación Organizacional I
CSOCG02A	3	Comunicación Organizacional Ii
CSOCG03A	2	Marketing Corporativo
CSOCG04A	3	Comunicación Para El Cambio Social I
CSOCG07A	2	Gestión De Proyectos De Comunicación
CSOCG08A	3	Gestión De Contenidos Digitale - Malla 2019
CSOCL01A	3	Taller De Redacción Ii
CSOCM01A	3	Expresión Oral
CSOCM02A	3	Taller De Redacción I
CSOCM03A	3	Periodismo Escrito
CSOCM04A	3	Guionismo
CSOCM05A	2	Análisis Audiovisual
CSOCM06A	3	Periodismo:crónica Y Reportaje
CSOCM07A	2	Cine Y Sociedad
CSOCP01A	3	Fundamentos De Investigación Social
CSOCP03A	2	Investigación Cualitativa
CSOCP04A	9	Práctica Profesionales
CSOCT01A	3	Introducción A La Fotografía
CSOCT03A	3	Producción De Medios
CSOCT05A	2	Postproducción De Medios
CSOCT06A	2	Diseño Digital De Medios I
CPULA01A	3	Fundam De Control Y Aseguram
CPULA02A	3	Auditoria Aplicada
CPULA03A	3	Revisoria Fiscal
CPULC01A	3	Contabilidad Financiera
CPULC02A	3	Contabilidad Internacional I
CPULC03A	3	Contabilidad Internacional Ii
CPULC04A	3	Contabilidad Internacional Iii
CPULC05A	3	Teoria Contable
CPULG02A	3	Costos Modernos
CPULG03A	3	Contabilidad De Gestion
CPULG04A	3	Presupuesto
CPULG05A	3	Gestion Y Contabilidad Publica
CPULO02A	2	English For Accounting And Fin
CPULP01A	2	Opcion De Grado
CPULP02A	0	Seminario Integrador Fen
CPULP03A	9	Práctica Profesional
CPULT01A	3	Impuestos I
CPULT02A	3	Impuestos Ii
CPULT03A	3	Derecho Empresarial Y Laboral
DCHOH02A	2	Historia Del Derecho
DCHOH03A	2	Filosofía Del Derecho
DCHOJ02A	3	Teoría Del Estado
DCHOJ03A	3	Bienes
DCHOJ04A	3	Derecho Constitucional General
DCHOJ05A	3	Teoría General Del Proceso
DCHOJ06A	3	Obligaciones I
DCHOJ07A	3	Derecho Constitucional Colombi
DCHOJ08A	2	Derecho Procesal Civil I
DCHOJ09A	3	Derecho Laboral Individual
DCHOJ10A	3	Obligaciones Ii
DCHOJ11A	3	Derecho Administrativo General
DCHOJ12A	2	Derecho Procesal Civil Ii
DCHOJ13A	3	Seguridad Social
DCHOJ14A	3	Derecho Penal General
DCHOJ15A	2	Derecho Procesal Constituciona
DCHOJ16A	3	Contratos I
DCHOJ17A	2	Derecho Administrativo Colombi
DCHOJ18A	3	Derecho Probatorio
DCHOJ19A	2	Derecho Laboral Colectivo
DCHOJ20A	3	Derecho Penal Especial
DCHOJ21A	3	Derecho Comercial
DCHOJ22A	3	Contratos Ii
DCHOJ23A	2	Derecho Procesal Administrativ
DCHOJ24A	2	Derecho Procesal Laboral
DCHOJ25A	2	Derecho Procesal Penal
DCHOJ26A	2	Derecho De Sociedades
DCHOJ27A	3	Derecho De Familia
DCHOJ28A	3	Responsabilidad Civil Y Del Es
DCHOJ29A	2	Contratación Estatal
DCHOJ30A	3	Derecho Internacional Público
DCHOJ31A	3	Títulos Valores
DCHOJ32A	2	Derecho De Sucesiones
DCHOJ34A	2	Propiedad Intelectual
DCHOJ54A	3	Bioderecho (biociencias Y Dere
DCHOJ65A	3	Derecho Aduanero
DCHOJ66A	3	Derecho Marítimo
DCHOJ67A	3	Interpretación Y Estudios Críticos Del Derecho (coterminal)
DCHOP01A	2	Mecani Alternativos En La Solu
DCHOP02A	3	Consultorio Jurídico I
DCHOP03A	3	Consultorio Jurídico Ii
DCHOP04A	3	Consultorio Jurídico Iii
DCHOP05A	3	Consultorio Jurídico Iv
DCHOT01A	2	Argumentación Jurídica
DCHOT02A	2	Interpretación Jurídica Y Cons
DCHOT03A	3	M. De La Inv Jurídica Y Socioj
DISED01A	3	Teoría E Historia Del Arte Y Del Diseño
ECONC02A	3	Seminario De Econometría
ECONE01A	2	Economía Y Ética
ECONH01A	3	Historia Económica Mundial
ECONH02A	3	Historia Económica De Colombia
ECONI01A	3	Fundamentos De Economía
ECONI02A	3	Microeconomía I
ECONI03A	3	Microeconomía Ii
ECONI04A	3	Microeconomía Iii
ECONI05A	3	Economía Y Ambiente
ECONM01A	3	Macroeconomía I
ECONM03A	3	Macroeconomía Iii
ECONM06A	3	Finanzas Públicas
ECONM08A	3	Economía Internacional
ECONM09A	3	Economía Regional Y Urbana
ECONM11A	3	Seminario Econ De La Reg Carib
ECONM12A	3	Formulación Y Evaluación De Proyectos En Campus Manga
ECONP02A	2	Opción De Grado
ECONP03A	0	Seminario Integrador Fen
ECONP04A	9	Práctica Profesional
ECONZ01A	3	Entorno Económico
ECOUU01A	0	Desarrollo Universitario
FNEGF02A	2	Matematica Financiera
FNEGF03A	2	Análisis Financiero Y Proyecci
FNEGF04A	3	Derecho Aduanero Y Financiero
FNEGF05A	3	Mercado De Capitales
FNEGF07A	3	Finanzas Ii
FNEGN01A	3	Introducción A Los Neg Interna
FNEGN02A	3	Derecho Y Contrat Internaciona
FNEGN03A	3	Administración Internacional
FNEGN04A	3	Integración Económica
FNEGN05A	3	Estrategias De Negociación
FNEGN06A	3	Comercio Exterior
FNEGN07A	3	Logistics & Ifd
FNEGN08A	3	Simulación De Negocios
FNEGN09A	3	International Marketing
FNEGO01A	3	Gerencia De Las Exportaciones
FNEGP01A	2	Opción De Grado
FNEGP02A	0	Seminario Integrador Fen
FNEGZ11A	3	Administración Internacional Programa Administración De Empresas
CHUMA01A	2	Apreciación Del Arte - Manga
CHUMA02A	2	Apreciación Musical
CHUMA07A	2	Fotografía Creativa
CHUMA11A	2	Música Y Contexto: Siglo Xx Y Xxi
CHUMC03A	2	Cátedra De Paz
CHUMC08A	2	Género, Igualdad Y Cine
CHUMC12A	2	Int A Las Ciencias Sociales Y
CHUMC17A	2	Ciudadanías Bajo La Lupa - Remoto
CHUMH01A	3	Taller De Comprensión Lectora
CHUMH02A	3	Taller De Escritura Académica
CHUMH03A	2	Constitución Política
CHUMH04A	2	Ética
CHUMH05A	2	Ciudadanía Global
CHUML06A	2	Literatura Latinoamericana
CHUML07A	2	Lectura Crítica Y Escritura - Comunicación Social
CHUMS03A	2	Historia Social Y Política De
CHUMS04A	2	Historia Del Mundo Contemporán
CHUMV04A	2	La Revolución De La Comida - Remoto
CHULF01A	2	Francés I
CHULI01A	2	Ingles I
CHULI02A	2	Ingles Ii
CHULI03A	2	Ingles Iii Programa De Derecho (presencial - Remoto)
CHULI04A	2	Ingles Iv
CHULI05A	2	Ingles V
IAMBA04A	2	Legislación Y Política Ambient
IAMBA05A	3	Calidad Del Aire Y Meteorologi
IAMBA06A	3	Calidad Del Agua
IAMBA07A	3	Calidad Del Suelo
IAMBA08A	3	Control De Emisiones Atmosféri
IAMBA09A	3	Tratamiento De Agua
IAMBA10A	3	Tratamiento De Suelo
IAMBA12A	3	Gestión Integral De Residuos S
IAMBA17A	3	Desarrollo Sostenible
IAMBA18A	3	Sistemas De Información Geográ
IAMBB01A	2	Sistemas Biológicos
IAMBB02A	2	Microbiología
IAMBB03A	2	Ecologia
IAMBP01A	3	Proyecto De Ingeniería I
IAMBP02A	3	Proyecto De Ingeniería Ii
IAMBP03A	9	Práctica Profesional
IAMBZ04A	3	Procesos Unitarios
IAMBZ06A	3	Gestión Y Geoplanificación
ICIVA02A	3	Diseño De Vias
ICIVA03A	3	Hidráulica
ICIVA04A	3	Sistemas De Transporte
ICIVA05A	3	Análisis Estructural
ICIVA06A	3	Principios De Geotecnia
ICIVA07A	3	Infraestructura
ICIVA08A	4	Diseño Estructural
ICIVA09A	3	Estructuras Geotécnicas
ICIVA11A	3	Acueducto Y Alcantarillado
ICIVA12A	3	Pavimentos
ICIVA13A	3	Ingeniería De Tránsito
ICIVA14A	3	Estructuras Hidráulicas
ICIVA16A	3	Estructuras Metálicas
ICIVA17A	3	Estabilidad De Taludes Y Obras
ICIVA19A	3	Dibujo E Interpretación De Pla
ICIVA21A	3	Métodos No Convencionales De Construcción
ICIVA22A	3	Soluciones De Infraestructura Basadas En Ecosistemas Para Adaptación Al Cambio Climático
ICIVB01A	3	Materiales De Ingenieria Civil
ICIVB02A	3	Resistencia De Materiales
ICIVB03A	3	Geomática
ICIVB04A	2	Geociencias
ICIVB05A	3	Hidrología
ICIVP03A	9	Práctica Profesional
ICIVZ03A	2	Sistemas De Transporte
ICIVZ04A	2	Infraestructura
ICIVZ08A	4	Diseño Y Comp. De Los Material
ICIVZ09A	4	Estructuras Geotécnicas
ICIVZ10A	2	Hidrología
IELEC01A	3	Automatismos
IELEE01A	3	Máquinas Eléctricas I
IELEE02A	3	Máquinas Eléctricas Ii
IELEE03A	3	Sistemas De Generación
IELEE04A	3	Sistemas De Energias Sostenibl
IELEF01A	1	Seminario De Ing. Eléctrica
IELEF03A	3	Circuitos Eléctricos I
IELEF05A	3	Circuitos Eléctricos Ii
IELEF07A	3	Electricidad Y Electrónica Bás
IELEP01A	3	Proyecto De Ingeniería I
IELEP02A	3	Proyecto De Ingeniería Ii
IELEW01A	3	Transp. Y Distrib. De Energía
IELEW02A	3	Instalaciones Eléctricas
IELEW03A	3	Análisis De Sist De Potencia
IELEW04A	3	Subestaciones Y Protec Electri
IELEZ02A	4	Máquinas Eléctricas
IELEZ03A	9	Práctica Profesional
IETRC01A	3	Control I
IETRC02A	3	Control Ii
IETRC03A	3	Instrumentación Electrónica
IETRC04A	3	Electrónica De Potencia
IETRC05A	3	Instrumentación Y Control
IETRD02A	3	Electrónica Ii
IETRD03A	3	Sistemas Embebidos
IETRF01A	1	Seminario De Ing. Electrónica
IETRF02A	3	Sistemas Digitales I
IETRF03A	4	Señales Y Sistemas
IETRF04A	3	Electrónica I
IETRM01A	3	Ondas Y Líneas De Transmisión
IETRM02A	3	Comunicaciones
IETRM03A	3	Redes De Comunicaciones
IETRP01A	3	Proyecto De Ingeniería I
IETRP02A	3	Proyecto De Ingeniería Ii
IETRZ04A	9	Práctica Profesional
IINDA01A	1	Seminario De Ing. Industrial
IINDA03A	2	Estrategia De Operaciones
IINDA04A	3	Sistemas De Costeo
IINDA06A	3	Gestión Del Talento Humano
IINDA07A	3	Seguridad Y Salud Laboral
IINDA08A	3	Sit. Int De Gestión De Calidad
IINDA09A	3	Gestión De Inn. Y El Conocimie
IINDP01A	3	Proyecto De Ingeniería I
IINDP02A	3	Proyecto De Ingeniería Ii
IINDP03A	9	Práctica Profesional
IINDR01A	3	Procesos De Fabricación
IINDR02A	3	Optimización
IINDR03A	3	Procesos Industriales
IINDR04A	3	Procesos Estocásticos
IINDR05A	3	Ingenieria De Productividad
IINDR07A	3	Gestión Cadena De Suministro
IINDR08A	3	Diseño De Sistemas Productivos
IINDR09A	3	Plan, Prog Y Cont Producción
IINDR10A	3	Control De Calidad
IINDR11A	3	Distribución Y Transporte
IINDR12A	3	Simulación
IINDR13A	3	Diseño De Experimentos
IINDR20A	3	Producción Mas Limpia
IMECB01A	1	Seminario De Ing. Mecánica
IMECD01A	2	Expresión Gráfica
IMECD02A	2	Dibujo Mecánico
IMECD03A	3	Estática
IMECD04A	3	Dinámica
IMECD05A	3	Mecanismos
IMECD06A	3	Resistencia De Materiales
IMECD07A	3	Introducción Al Diseño Mecánic
IMECD08A	3	Diseño De Sistemas Mecánicos
IMECD09A	3	Mantenimiento Industrial
IMECD10A	3	Ing. De Proyectos Mecánicos
IMECD11A	3	Integridad Y Mantenimiento
IMECF01A	3	Mecánica De Fluidos
IMECF02A	3	Termodinámica I
IMECF03A	3	Máquinas De Flujo
IMECF04A	3	Termodinámica Ii
IMECF05A	3	Transferencia De Calor
IMECF06A	3	Máquinas Térmicas
IMECF07A	3	Refrigeración Y Aire Acondicio
IMECM01A	3	Materiales I
IMECM02A	3	Materiales Ii
IMECM03A	3	Tecnologías De Fabricación
IMECM04A	3	Corrosión
IMECM05A	3	Máquinas Y Herramientas Cnc
IMECP01A	3	Proyecto De Ingeniería I
IMECP02A	3	Proyecto De Ingeniería Ii
IMECP03A	9	Práctica Profesional
IMECZ03A	3	Diseño Mecánico
IMECZ04A	9	Práctica Profesional
IMTRA01A	3	Sensores E Instrumentación
IMTRA02A	3	Sist Automáticos De Producción
IMTRA03A	3	Robótica
IMTRA04A	3	Control Inteligente
IMTRA07A	3	Domotica
IMTRA08A	3	Visión Artificial
IMTRB01A	1	Seminario De Ing. Mecatrónica
IMTRC02A	3	Diseño Concurrente
IMTRD01A	3	Diseño Mecatrónico
IMTRM01A	1	Taller De Mecatrónica
IMTRP01A	3	Proyecto De Ingeniería I
IMTRP02A	3	Proyecto De Ingeniería Ii
IMTRP03A	9	Práctica Profesional
IQUIA01A	4	Manejo De Sólidos
IQUIA02A	3	Control De Procesos
IQUIA03A	3	Ingeniería De Las Reacciones
IQUIA04A	3	Operaciones Unitarias
IQUIA05A	4	Procesos De Separación
IQUIA06A	3	Ingeniería De Procesos
IQUIA07A	3	Modelamiento Y Simulación
IQUIA08A	3	Diseño Y Optimización De Proce
IQUIA09A	3	Diseño De Plantas De Procesos
IQUIA14A	3	Fundamentos De Seguridad De Procesos Industriales
IQUIB01A	1	Seminario De Ing. Química
IQUIB02A	3	Balance De Materia Y Energía
IQUIB04A	3	Fenómenos De Transporte
IQUIB05A	3	Termodinámica Ii
IQUIP01A	3	Proyecto De Ingeniería I
IQUIP02A	3	Proyecto De Ingeniería Ii
IQUIP03A	9	Práctica Profesional
IQUIZ19A	9	Práctica Profesional
IBIOB01A	3	Bioquímica
IBIOF01A	1	Sem. De Ingeniería Biomédica
IBIOF02A	1	Taller De Ingeniería Biomédica
IBIOF03A	4	Anatomía Y Fisiología Humana
IBIOF04A	3	Bioderecho
IBIOF05A	3	Biofísica
IBIOI01A	4	Instrumentación Biomédica
IBIOM01A	4	Biomecánica
IBIOP01A	3	Proyecto De Ingeniería I
IBIOP02A	3	Proyecto De Ingeniería Ii
IBIOP03A	9	Prácticas Profesionales
IBIOP04A	3	Sistemas De Imágenes Médicas
ISCOA01A	3	Base De Datos
ISCOA02A	3	Desarrollo De Software
ISCOA03A	3	Algoritmos Y Complejidad
ISCOA04A	3	Arquitectura De Software
ISCOA19A	3	Computación E Interfaces
ISCOC01A	1	Sem. Ing. De Sistema Y Computa
ISCOC02A	3	Fundamentos De Programación
ISCOC03A	3	Programación
ISCOC04A	3	Programación Orientada A Objet
ISCOC05A	3	Estructura De Datos
ISCOC06A	3	Matemática Discreta
ISCOC07A	3	Procesamiento Numérico
ISCOC08A	3	Comunicaciones Y Redes
ISCOC10A	3	Sistemas Y Modelos
ISCOC12A	3	Tóp Espe De Ciencias Computaci
ISCOP03A	9	Prácticas Profesionales
INAVA01A	3	Resistencia Y Propulsion
INAVB01A	1	Seminario De Ingenieria Naval
INAVB02A	3	Introduccion A La Ing Naval
INAVC01A	3	Proyecto Naval
INAVD02A	3	Estructuras Navales I
INAVD03A	3	Metodologia De Diseño Naval
INAVD05A	3	Hidrodinamica Naval
INAVD06A	3	Log Del Trans Marit Y Fluvial
INAVE01A	3	Arquitectura De Sistema Offshore
INAVE02A	3	Tecnología De Embarcaciones Menores
INAVP01A	3	Proyecto De Ingeniería I
INAVP02A	3	Proyecto De Ingeniería Ii
INAVP03A	9	Práctica Profesional
OPGRSP011	0	Seminario De Profundización Nueva Economía Digital Y Competitividad De Negocios
OPGRSP06	0	Seminario De Profundización Gestión De Proyectos
OPGRSP08	0	Seminario De Profundización Habilidades Gerenciales
OPGRSP24	0	Seminario De Prof Herramientas Para El Cuidado Profesional Y Colectivo
PSICA05A	3	Psicología Educativa
PSICA07A	3	Psicología Social Comunitaria
PSICA12A	3	Gestión Del Talento Humano - Malla 2016
PSICA16A	3	Estrategias De Int En Psi Edu
PSICA20A	3	Estrategias De Intervencion Cl
PSICA22A	3	Psicología Clínica Y De La Sal - Malla 2021
PSICB01A	3	Introducción A La Psicología
PSICB04A	3	Seminario De Autoformación I
PSICC01A	3	Seminario De Autoformación Ii
PSICE07A	3	Evaluación Neuropsic En Adults - Malla 2021
PSICG01A	3	Neuropsicología Humana
PSICI02A	3	Psicología Y Gestión Humana - Malla 2021
PSICM04A	3	Fundamentos De Investigación
PSICM05A	3	Investigación Cuantitativa
PSICP02A	12	Práctica Profesional Ii
PSICR01A	3	Evaluación Psicológica - Malla 2021
PSICR02A	2	Seminario De Trabajo De Grado I
PSICR03A	2	Seminario De Trabajo De Grado Ii
PSICS07A	3	Motivación Y Emoción
PSICS13A	3	Psicopatología
PSICS14A	3	Neurociencias Y Comportamiento
PSICS15A	3	Teoriás Y Sistemas Psicológicos I
PSICS16A	3	Teoriás Y Sistemas Psicológicos Ii
PSICS18A	3	Teorias De La Personalidad - Malla 2021
PSICS19A	3	Aprendizaje Y Memoria
PSICS20A	3	Desarrollo Del Ciclo De Vida I
PSICS21A	3	Desarrollo Del Ciclo De Vida Ii
\.


--
-- Data for Name: profesor; Type: TABLE DATA; Schema: public; Owner: postgres
--

COPY public.profesor (bannerid, nombre) FROM stdin;
T00084153	Rita Cecilia De La Hoz Del Villar
T00051297	Ricardo Andres Abreo Rodriguez
T00000077	Maria Teresa Ripoll De Lemaitre
T00014030	Martha Patricia Castro Porto
T00014731	Lina Margarita Marrugo Salas
T00036222	Javier Marquez Orozco
T00019393	Gabriel Roman Melendez
T00053473	Sammir Montemiranda Pajaro
T00013998	Oriana Susana Martinez Palomino
T00000028	Benjamin De Jesus Garcia Garcerant
T00049647	Dayana Maria Sanchez Monterrosa
T00026453	Carlos Alberto Diaz Wright
T00090593	Beatriz Elena Jimenez Charris
T00066757	Roy Dario Bozzi Duran
T00012849	Fabrizio Milano Londoño
T00081909	Luis Eduardo Grondona Vergara
T00079454	Roberto Enrique Jose Benavente Riquelme
T00079453	Pedro Jose Ibarra Jimenez
T00069599	Antonio Rafael Nieves Gonzalez
T00037300	Ramon Raul Perez Yepez
T00085411	Luis Eduardo Garcia Pacheco
T00084175	Cesar Anibal Duran Ruge
T00069980	Claudia Beatriz Del Socorro Ochoa Pardo
T00001359	Angel Dionicio Hernandez Villadiego
T00021323	Raul Ernesto Lopez Gomez
T00024471	Virginia Milena Escamilla Angulo
T00053408	Estefania Pulido Garcia
T00030018	Joel Alexander Samper Lopez
T00069601	Howard De Jesus Villareal Molina
T00031996	Brenda Cristina Pacheco Perna
T00084152	Fabian Guillermo Amaya Valdivieso
T00018371	Ariel Perez Garcia
T00053874	Clara Mercedes Perez Martelo
T00081749	Andres Felipe Camargo Bocanegra
T00003433	Alexander Niebles Villarreal
T00079430	Ausberto Coneo Caicedo
T00069894	Eduardo Jose Gonzalez Sanchez
T00069449	David Sierra Porta
T00069328	Diandra Jireth Payares Mendoza
T00028062	Pablo Gustavo Abitbol Piñeiro
T00054682	Marlon Jose Marquez Guardo
T00018350	Armando Jose Mercado Vega
T00045007	Alfredo Luis Jr. Mendoza Diaz
T00026139	Jhonnatan Ballestas Avilez
T00044092	Laura Rueda Sierra
T00022220	Diana Carolina Ochoa Velez
T00079653	Angela Patricia Bertel Sevilla
T00049553	Diana Carolina Rubiano Labrador
T00046787	Francisco Mauricio Atencio Contreras
T00000055	Roberto Enrique Gomez Fernandez
T00070881	Elizabeth Valderrama Serrano
T00057400	Jorge Luis Villalba Acevedo
T00059640	Deivinso Villa Moncaris
T00027016	Cecilia Paillier Gonzalez
T00051137	Angel De Jesus Urueta Fernandez
T00006580	Alan Orlando Sanchez Marzan
T00042477	Derlis Aminta Villadiego Rincon
T00004390	Elias Guillermo Imitola Coley
T00000060	Vilma Viviana Ojeda Caicedo
T00045061	Aris Daniela Hurtado Misal
T00004376	Waldyr Fong Silva
T00045030	Kevin David Mendoza Vanegas
T00091818	Antonio Dario Velasquez Barrera
T00040957	Sebastian David Pacheco Orozco
T00019348	Alberto Patiño Vanegas
T00050423	Alexander De Jesus Leyton Coneo
T00047939	Giovanni Olivera Beltran
T00024984	Hector Jose Cabarcas Urriola
T00000402	Julio Alberto Castro Garces
T00001541	Eder Antonio Barrios Hernandez
T00084203	Fernando Perez Berrio
T00081920	Laura Natalia Martinez Piña
T00031820	Andrea Carolina Mendoza Zabaleta
T00000064	Moises Ramon Quintana Alvarez
T00053397	Carlos Rafael Payares Guevara
T00057306	Victor Juan Hernandez Del Toro
T00084202	Cesar Alberto Serna Rapello
T00008170	Jorge Luis Cohen Torres
T00010972	Cristina Osorio Del Valle
T00079682	Adriana Carolina Castillo Martinez
T00055760	Jeovanny De Jesus Muentes Acevedo
T00059423	John Beiro Moreno Barrios
T00076408	Enrique Pereira Batista
T00000072	Juan Carlos Palomino Mancilla
T00059426	Jose Priciliano Perez Santander
T00055843	Alejandra Paola Villalobos Jimenez
T00026679	Mary Andrea Fennix Agudelo
T00091817	Dairo Enrique Meza Morelos
T00020729	Rosa Leonor Acevedo Barrios
T00054390	Luisa Maria Meneses Ospina
T00084201	Arnaldo De Jesus Jimenez Altamiranda
T00000083	Danilo Lusbin Ariza Rua
T00011731	Mercedes Lucia Posada Meola
T00021680	Miguel Efren Garces Prettel
T00091823	Tachi Milena Alvarino Mass
T00022976	Marelbi Del Carmen Olmos Perez
T00000050	Julio Antonio Gomez Mora
T00055756	Tania Lucia Cobos Cobos
T00091862	Yesenia Esther Carrillo Garcia
T00040585	Adolfo Baltar Moreno
T00051306	Gustavo Adolfo Bossa Gracia
T00014135	Humberto De Jesus Padilla Martinez
T00081960	Javier Alcides Ramos Zambrano
T00084210	Sebastian Gonzalez Sierra
T00034995	Gina Patricia Zabaleta Puello
T00039722	Juan Carlos Barrios Espinosa
T00051377	Alvaro Nuñez Torres
T00013958	Cesar Gerardo Marquez Morales
T00054899	Norjadys Gonzalez Garizao
T00053472	Cosme Guerrero Cera
T00000396	Ana Susana Cantillo Orozco
T00019859	Deilo Martinez Maza
T00048543	Javier Mauricio Prieto Florez
T00035909	Andrea Carolina Moscote Palomino
T00019336	Giannina Guerrero Arrieta
T00060590	Bryam Nicolas Benavides Herrera
T00076401	Isaura Padilla Cure
T00029769	Maria Rosario Piñeres Espinosa
T00055292	Marcos Ricardo Posada Llorente
T00045108	Yineris Romero Luna
T00000466	Erica Lucia Martinez Najera
T00048018	Martha Elena Rivero Ricardo
T00063451	Gisella Del Carmen Taborda Guzman
T00069734	Ayleen Barboza Ortiz
T00052248	Magdalena Otero Davila
T00059702	Silvia Margarita Rosales Buelvas
T00028735	Nicolas Diaz Hoyos
T00091822	Jose Luis Otero Hernandez
T00076377	Juan Sebastian Alejandro Perilla Granados
T00053262	Ivan Dario Marrugo Jimenez
T00047950	Katleen Paola Marun Uparela
T00020837	Fabian Alcides Ramos Zambrano
T00063148	Julia Eva Pretelt Vargas
T00020784	Luis Armando Galvis Aponte
T00057359	Augusto Andres Alean Romero
T00000054	William Arellano Cartagena
T00000073	Aaron Eduardo Espinosa Espinosa
T00019865	Luis Fernando Lopez Pineda
T00000030	Jorge Luis Alvis Arrieta
T00019354	Tania Isabel Jimenez Castilla
T00050996	Dalel Rocio Araujo Martinez
T00046298	Paula Andrea Barrios Bueno
T00079679	Katty Johanna Gomez Acevedo
T00017776	Jhorland Ayala Garcia
T00000044	Raul Ernesto Acosta Mesa
T00029754	Gerson Javier Perez Valbuena
T00059557	Yunaris Elvira Coneo Mendoza
T00019234	Cherish Nikita Cantillo Ramos
T00079776	Juan Camilo Medellin Rojas
T00050705	Jose Julio Vergara Arrieta
T00091921	Jean Rene Romero Diaz
T00042331	Arnold David Santamaria Beleño
T00053378	Sally Del Carmen Baron Mercado
T00020031	Luis Carlos Diaz Canedo
T00053214	Juan Francisco Silva Suarez
T00000231	Veronica Tordecilla Acevedo
T00059427	Edwin Julian Claros Bueno
T00031744	Lien Neil Tejeda Lopez
T00000076	Lissette Del Rosario Urquijo Burgos
T00057328	Federico Ochoa Escobar
T00084147	Julian Navarro Gonzalez
T00018431	Claudia Cecilia Ayola Escallon
T00055242	Graciela Victoria Franco Martinez
T00037236	Ingrid Yaneth Silva Arroyo
T00000029	Gilma Antonia Mestre De Mogollon
T00057189	Rafael Enrique Cantillo Castillo
T00046610	Alexander De Jesus Casalins Perez
T00044983	Hermes De Jesus Garizado Martinez
T00021724	Julio Alfonso Muñoz Castaño
T00041842	Uberly Cuadros Aristizabal
T00065546	Maria Camila Mendoza Diaz
T00041283	Daniela Carolina Arteaga Torres
T00055748	Nelson David Zabaleta Rojas
T00039565	Richard Villadiego Beltran
T00084206	Angelica Faisully Camargo Diaz
T00051173	Rogers Montt Torres
T00051174	Ana Lucia Coa Murillo
T00046694	Yamile Esther Acevedo Acevedo
T00079657	Ramon Elias Medina Arteta
T00040544	Luis Eduardo Espinosa Velasquez
T00057707	David Andres Puello Cabeza
T00039407	Jorge Luis Ahumada Segura
T00055694	Yerlys Guardo Gonzalez
T00036808	Jose Carlos Garcia Martinez
T00079583	Luis Sergio Fuenzalida Galvez
T00059523	Giobanna Patricia Buenahora Molina
T00076395	Estela Simancas Mendoza
T00037678	Liliana Ujueta Velandia
T00085422	Libary Luz Manjarres Molina
T00019696	Danny Hernandez Diaz
T00060662	Jesus Rafael Ramos Pacheco
T00081846	Eilin Julliana Perez Gallego
T00084198	Carmen Edith Moscote Bustamante
T00026962	Stefania Arias Cifuentes
T00066695	Adriana Patricia Garcia Echeverry
T00057681	Carmen Julia Torres Torres
T00076572	Gustavo Adolfo Jauregui Posso
T00048005	Nixdey Ruth Arias Rios
T00020734	Diana Del Carmen Gonzalez Herrera
T00057333	Lorena Bermejo Banquez
T00066804	Enrique Jose Gomez Ortega
T00020741	Hernando De Jesus Vargas Cuesta
T00014775	Lina Margarita Castilla Carrera
T00091816	Carlos Augusto Alvarez Ramos
T00063166	Kelly Susana Tarra Pardo
T00014095	Veronica Mestre Ascencio
T00084177	Cindy Paola Leon Paternina
T00076574	Iris Laudith Solano Cahuana
T00000468	Gilsy Martinez Polo
T00057694	Victoria Carolina Galindo Diago
T00081923	Carolina Perez Bonfante
T00000415	Kelly Patricia Diaz Colon
T00084196	Janeth Patricia Gomez De Castro
T00070756	Josue David Guerrero Cordero
T00066745	Rodolfo Romny Rodriguez Picot
T00000444	Heberth Joaquin Hernandez Diaz
T00047317	Javier Dario Sierra Ramirez
T00037686	Ingrid Helena Ibañez Salgado
T00066761	Damaris Andrea Jimenez Uribe
T00057322	Jorgelina Cecilia Pasqualino
T00059175	Claudia Patricia Diaz Mendoza
T00040553	Milton Cesar Guerrero Pajaro
T00044492	Mauro Antonio Maza Chamorro
T00059176	Juan Diego Vanegas Miranda
T00081892	Janer Jose Galvan Carbono
T00051182	Sergio Villar Salinas
T00084189	Kevin Eduardo Duran Morales
T00031751	Claudia Patricia Baron Torres
T00035572	Jefferson Andres Piedrahita Gonzalez
T00022797	Rafael David Mendez Anillo
T00037450	Jorge Ivan Perez Alvarino
T00076598	Hernando Jose Burgos Diaz
T00053361	Hugo Armando Escorcia Pacheco
T00000020	Jorge Eliecer Duque Pardo
T00000018	Luis Eduardo Rueda Rincon
T00000063	Enrique Vanegas Casadiego
T00043698	Marcela Patricia Arrieta Garcia
T00000049	Oscar Acevedo Patiño
T00010734	Francisco Manuel Fernandez Piña
T00011527	Mike Periñan Batista
T00024282	Heider Humberto Lastre Gomez
T00000057	Eduardo Gomez Vasquez
T00000068	Jose Luis Villa Ramirez
T00040950	Yina Paola Cabarcas Mena
T00009099	Luis Enrique Acosta Galvan
T00054349	Deyson Gomez Sanchez
T00041054	Yira Patricia Alcazar Oviedo
T00007608	Alcides Augusto Ramos Zambrano
T00045214	Caleb David Romero Mercado
T00035744	Erick Campo Rojas
T00001074	William Ramon Cuadrado Cano
T00012602	Jenifer Yoris Vasquez Aguilar
T00007445	Fabian Alfonso Gazabon Arrieta
T00001023	Armando Antonio Mendoza Diaz
T00000387	Rafael Alfonso Bermudez Torres
T00037779	Liliana Isabel Castellon Ceron
T00019227	Yessica Paola Jimenez Suarez
T00037937	Natalie Morales Londoño
T00010109	Gustavo Adolfo Ortiz Piedrahita
T00014261	Holman Ospina Mateus
T00000067	Misael Cruz Monroy
T00060586	Edisson Duarte Restrepo
T00049413	Kevin Andres Sossa Valencia
T00000629	Jaime Antonio Acevedo Chedid
T00000106	German Herrera Vidal
T00010220	Alexander Jose Narvaez Cruz
T00000059	Vladimir Adolfo Quiroz Mariano
T00033028	Walberto Marrugo Orozco
T00045056	Camilo Andres Naufal Salas
T00022048	Luis Miguel Perez Pertuz
T00033602	Jaime Jose Batista De Luque
T00020488	Jose Alberto Martinez Trespalacios
T00012792	Virgilio Barcos Cervantes
T00021662	Edgardo William Arrieta Ortiz
T00010797	Adolfo Enrique Ortiz Lafaurie
T00002456	Alfredo Miguel Abuchar Curi
T00020472	Deibys David Barreto Ponton
T00026655	Ana Margarita Buelvas Hernandez
T00007524	Juan Gabriel Fajardo Cuadro
T00047306	Daniel Andres Montoya Espinosa
T00080329	Darling Perea Cabarcas
T00045901	David Jesus Barros Chaparro
T00032651	Omar Tirado Muñoz
T00069460	Argemiro Palencia Diaz
T00024427	Malorys Mercedes Elles Fang
T00064566	Harold Alberto Rodriguez Arias
T00016294	George Washington Archbold Taylor
T00045151	Fernando Jose Quintero Vasquez
T00035836	Manuel Alejandro Salina Casseres
T00085821	Yulanderson Salguero Rodriguez
T00057415	Deyler Rafael Castilla Caballero
T00054880	Elizabeth Moreno Bohorquez
T00028098	Mary Judith Arias Tapia
T00042533	Juan Alberto Rebollo Perez
T00034460	Raul Andres Vargas Ramirez
T00060037	Edder Orlando Quiñones Burgos
T00000243	Sonia Helena Contreras Ortiz
T00009855	Aisner Jose Marrugo Juliao
T00084295	Sergio Arturo Medina Castillo
T00008436	Edwin Alexander Puertas Del Castillo
T00010916	Marco Antonio Almanza Ibarra
T00000065	Gloria Isabel Bautista Lasprilla
T00010915	Jairo Enrique Serrano Castañeda
T00000254	Juan Carlos Martinez Santos
T00021905	Misorly Del Carmen Soto Acevedo
T00000021	Isaac Zuñiga Silgado
T00000119	Juan Carlos Mantilla Gomez
T00080354	Melissa Andrea Moreno Novoa
T00012187	Yuranis Henriquez Nuñez
T00066102	Andrea Carolina Menco Tovar
T00000502	Maria Eugenia Rincon Socha
T00010571	Humberto Manuel Marbello Peña
T00021751	Julio Cesar Gamarra Cabarcas
T00008528	Carlos Ernesto Botero Pareja
T00013758	Rafael Enrique Monterroza Barrios
T00080352	Danileth Almanza Gonzalez
T00019188	Oscar Pablo Porto Solano
T00076596	Carlos Arturo Cortes Fuentes
T00018922	Oscar David Acosta Lopera
T00021661	Jairo Humberto Cabrera Tovar
T00060663	Ricardo Alfonso Mejia Correa
T00081976	Fernando Salazar Arrieta
T00018269	Hugo Antonio Elles Niño
T00007962	Diana Margarita Moreno Aldana
T00007989	Yuly Patricia Fang Alandette
T00013153	Yina Margarita Alcala Barrios
T00008759	Yacira Isabel Luna Zuñiga
T00000431	Elias Rafael Geney Castro
T00020361	Jeimer David Ortiz Marimon
T00084208	Jose Alexander Estrada Hernandez
T00040584	Elsy Mercedes Dominguez De La Ossa
T00022062	Amelia Del Cristo Eljadue Rizcala
T00019649	Karol Patricia Gutierrez Ruiz
T00054928	Jeison David Neira Salas
T00052721	Pedro Vazquez Miraz
T00091859	Jorge Leonardo Estrada Perez
T00011744	Laura Maria Mendoza Simonds
T00000485	Marcela Ospina Correa
T00079469	Marlyn Patricia Conde Gutierrez
T00055793	Everly Marcela Garcia De La Ossa
T00012447	Prisca Espinosa Acevedo
\.


--
-- Name: clase_id_seq; Type: SEQUENCE SET; Schema: public; Owner: postgres
--

SELECT pg_catalog.setval('public.clase_id_seq', 17183, true);


--
-- Name: clase clase_pkey; Type: CONSTRAINT; Schema: public; Owner: postgres
--

ALTER TABLE ONLY public.clase
    ADD CONSTRAINT clase_pkey PRIMARY KEY (id);


--
-- Name: curso curso_pkey; Type: CONSTRAINT; Schema: public; Owner: postgres
--

ALTER TABLE ONLY public.curso
    ADD CONSTRAINT curso_pkey PRIMARY KEY (nrc);


--
-- Name: materia materia_pkey; Type: CONSTRAINT; Schema: public; Owner: postgres
--

ALTER TABLE ONLY public.materia
    ADD CONSTRAINT materia_pkey PRIMARY KEY (codigomateria);


--
-- Name: profesor profesor_pkey; Type: CONSTRAINT; Schema: public; Owner: postgres
--

ALTER TABLE ONLY public.profesor
    ADD CONSTRAINT profesor_pkey PRIMARY KEY (bannerid);


--
-- Name: idx_clase_nrc_dia_hora; Type: INDEX; Schema: public; Owner: postgres
--

CREATE INDEX idx_clase_nrc_dia_hora ON public.clase USING btree (nrc, dia, horainicio);


--
-- Name: clase clase_nrc_fkey; Type: FK CONSTRAINT; Schema: public; Owner: postgres
--

ALTER TABLE ONLY public.clase
    ADD CONSTRAINT clase_nrc_fkey FOREIGN KEY (nrc) REFERENCES public.curso(nrc);


--
-- Name: curso curso_codigomateria_fkey; Type: FK CONSTRAINT; Schema: public; Owner: postgres
--

ALTER TABLE ONLY public.curso
    ADD CONSTRAINT curso_codigomateria_fkey FOREIGN KEY (codigomateria) REFERENCES public.materia(codigomateria);


--
-- Name: curso curso_nrcteorico_fkey; Type: FK CONSTRAINT; Schema: public; Owner: postgres
--

ALTER TABLE ONLY public.curso
    ADD CONSTRAINT curso_nrcteorico_fkey FOREIGN KEY (nrcteorico) REFERENCES public.curso(nrc);


--
-- Name: curso curso_profesorid_fkey; Type: FK CONSTRAINT; Schema: public; Owner: postgres
--

ALTER TABLE ONLY public.curso
    ADD CONSTRAINT curso_profesorid_fkey FOREIGN KEY (profesorid) REFERENCES public.profesor(bannerid);


--
-- PostgreSQL database dump complete
--

